id_gen,name,alias,fuel,tech,type,capacity,forate,fullout,partialout,derate,mttrfull,mttrpart,id_bus,pmin,pmax,rup,rdw,investment,active,cvar,cfuel,cvom,cfom,co2,slope,hrate,pfrmax,g,inertia,ffr,pfr,res2,res3,powerfactor,latitude,longitude,n,contingency,down_time,up_time,last_state,last_state_period,last_state_output,start_up_cost,shut_down_cost,start_up_time,shut_down_time
1,Bayswater,BW01,Coal,Black Coal NSW,Steam Sub Critical,678.75,0.6745236000000001,0.0631,0.3146,0.166,157.62,33.97,6,250,678.75,4.0,4.0,0,1,29.073079932602745,2.537027657104,5.101165062328734,64500.0,889.2019557080466,0.3,9.448818897637794,67.875,0.0,4.0,0,1,1,0,0.85,0.0,0.0,4,1,8,8,0.0,0.0,0.0,78933.41201701645,0.0,0.0,0.0
2,Callide B,CALL_B_1,Coal,Black Coal QLD,Steam Sub Critical,350.0,0.83625576,0.0675,0.1286,0.2516,185.0,56.42,2,155,350.0,4.0,4.0,0,1,26.392607049129825,2.3327715114788363,5.023707707338957,63480.0,942.8409057825446,0.3,9.160305343511451,35.0,0.0,4.0,0,1,1,0,0.85,0.0,0.0,2,1,8,8,0.0,0.0,0.0,36949.64986878176,0.0,0.0,0.0
3,Callide C,CPP_3,Coal,Black Coal QLD,Steam Super Critical,422.0,0.83625576,0.0675,0.1286,0.2516,185.0,56.42,2,180,422.0,4.0,4.0,0,1,26.72390781411883,2.3327715114788363,5.023707707338957,63480.0,873.952738112746,0.3,9.30232558139535,42.2,0.0,4.0,0,1,1,0,0.85,0.0,0.0,2,1,8,8,0.0,0.0,0.0,45109.95639023259,0.0,0.0,0.0
4,Eraring,ER01,Coal,Black Coal NSW,Steam Sub Critical,720.0,0.6745236000000001,0.0631,0.3146,0.166,157.62,33.97,7,210,720.0,5.0,5.0,0,1,30.34265166372797,2.643344569090976,5.101165062328734,64500.0,878.937979925076,0.3,9.549071618037134,72.0,0.0,4.0,0,1,1,0,0.85,0.0,0.0,4,1,8,8,0.0,0.0,0.0,87386.83679153655,0.0,0.0,0.0
5,Gladstone,GSTONE1,Coal,Black Coal QLD,Steam Sub Critical,280.0,0.83625576,0.0675,0.1286,0.2516,185.0,56.42,3,110,280.0,5.0,5.0,0,1,31.395093303014946,2.7836462573213545,5.023707707338957,63480.0,985.8045036566772,0.3,9.473684210526315,28.0,0.0,4.0,0,1,1,0,0.85,0.0,0.0,6,1,8,8,0.0,0.0,0.0,35162.50449937674,0.0,0.0,0.0
6,Kogan Creek,KPP_1,Coal,Black Coal QLD,Steam Super Critical,744.0,0.83625576,0.0675,0.1286,0.2516,185.0,56.42,4,330,744.0,8.0,8.0,0,1,19.272289682991477,1.6187972300116333,5.023707707338957,63480.0,861.9335194223072,0.3,8.80195599022005,74.4,0.0,4.0,0,1,1,0,0.85,0.0,0.0,1,1,8,8,0.0,0.0,0.0,57354.334096582636,0.0,0.0,0.0
7,Loy Yang A Power Station,LYA1,Coal,Brown Coal VIC,Steam Sub Critical,552.5,0.82760396,0.0775,0.1156,0.1791,90.05,12.2,9,300,552.5,5.0,5.0,0,1,14.019853824653358,0.7593421468618192,4.784611497955559,163640.0,1168.8606403491956,0.3,12.16216216216216,55.25,0.0,4.0,0,1,1,0,0.85,0.0,0.0,4,1,16,16,0.0,0.0,0.0,30983.876952483923,0.0,0.0,0.0
8,Loy Yang B,LOYYB1,Coal,Brown Coal VIC,Steam Sub Critical,580.0,0.82760396,0.0775,0.1156,0.1791,90.05,12.2,9,320,580.0,10.0,10.0,0,1,14.309460726884302,0.7593421468618192,4.784611497955559,163640.0,1111.1527514656036,0.3,12.543554006968641,58.0,0.0,4.0,0,1,1,0,0.85,0.0,0.0,2,1,16,16,0.0,0.0,0.0,33197.94888637158,0.0,0.0,0.0
9,Millmerran,MPP_1,Coal,Black Coal QLD,Steam Super Critical,426.0,0.83625576,0.0675,0.1286,0.2516,185.0,56.42,4,200,426.0,5.0,5.0,0,1,18.581872213851952,1.4725673116796059,5.023707707338957,63480.0,825.2498618115156,0.3,9.207161125319693,42.6,0.0,4.0,0,1,1,0,0.85,0.0,0.0,2,1,8,8,0.0,0.0,0.0,31663.510252403725,0.0,0.0,0.0
10,Mt Piper,MP1,Coal,Black Coal NSW,Steam Sub Critical,695.0,0.6745236000000001,0.0631,0.3146,0.166,157.62,33.97,6,270,695.0,3.0,3.0,0,1,29.563993979366046,2.643344569090976,5.101165062328734,64500.0,801.1644115332886,0.3,9.254498714652957,69.5,0.0,4.0,0,1,1,0,0.85,0.0,0.0,2,1,8,8,0.0,0.0,0.0,82187.90326263761,0.0,0.0,0.0
11,Stanwell,STAN-1,Coal,Black Coal QLD,Steam Sub Critical,365.0,0.83625576,0.0675,0.1286,0.2516,185.0,56.42,2,140,365.0,4.0,4.0,0,1,27.05555610956961,2.4296232821348807,5.023707707338957,63480.0,863.4612605952427,0.3,9.06801007556675,36.5,0.0,4.0,0,1,1,0,0.85,0.0,0.0,4,1,8,8,0.0,0.0,0.0,39501.111919971634,0.0,0.0,0.0
12,Tarong,TARONG#1,Coal,Black Coal QLD,Steam Sub Critical,350.0,0.83625576,0.0675,0.1286,0.2516,185.0,56.42,4,140,350.0,4.0,4.0,0,1,33.05154560163584,3.044134615741689,5.023707707338957,63480.0,886.5997945655309,0.3,9.207161125319693,35.0,0.0,4.0,0,1,1,0,0.85,0.0,0.0,4,1,8,8,0.0,0.0,0.0,46272.163842290174,0.0,0.0,0.0
13,Tarong North,TNPS1,Coal,Black Coal QLD,Steam Super Critical,450.0,0.83625576,0.0675,0.1286,0.2516,185.0,56.42,4,180,450.0,4.0,4.0,0,1,31.36718034356511,3.044134615741689,5.023707707338957,63480.0,886.5997945655309,0.3,8.653846153846153,45.0,0.0,4.0,0,1,1,0,0.85,0.0,0.0,1,1,8,8,0.0,0.0,0.0,56460.9246184172,0.0,0.0,0.0
14,Vales Point B,VP5,Coal,Black Coal NSW,Steam Sub Critical,660.0,0.6745236000000001,0.0631,0.3146,0.166,157.62,33.97,7,250,660.0,6.0,6.0,0,1,32.59055684735432,2.8405704844526447,5.101165062328734,64500.0,944.7032806579716,0.3,9.677419354838708,66.0,0.0,4.0,0,1,1,0,0.85,0.0,0.0,2,1,8,8,0.0,0.0,0.0,86039.0700770154,0.0,0.0,0.0
15,Yallourn W,YWPS1,Coal,Brown Coal,Steam Sub Critical,362.5,0.82760396,0.0775,0.1156,0.1791,90.05,12.2,9,200,362.5,3.0,3.0,0,1,15.234673536651798,0.7518239077839793,4.784611497955559,163640.0,1286.6018670776189,0.3,13.8996138996139,36.25,0.0,4.0,0,1,1,0,0.85,-38.177015,146.342783,4,1,16,16,0.0,0.0,0.0,22090.276628145108,0.0,0.0,0.0
16,Angaston,ANGAST1,Diesel,Diesel,Reciprocating Engine,36.0,0.9020784,0.0958,0.0032,0.337,150.2,189.52,11,7.2,36.0,9999.0,9999.0,0,1,465.97937599714805,35.43153658193376,13.34086749834906,18040.0,685.7579572019421,0.6,12.7750177430802,3.6,0.0,4.0,0,1,1,0,0.85,-34.5035,139.0245,1,1,0.0,0.0,0.0,0.0,0.0,0.0,0.0,0.0,0.0
17,Lonsdale,LONSDALE,Diesel,Diesel,Reciprocating Engine,20.7,0.9020784,0.0958,0.0032,0.337,150.2,189.52,11,4.14,20.7,9999.0,9999.0,0,1,293.06352472414187,35.43153658193376,13.34086749834906,18040.0,657.9846285226301,0.6,7.894736842105263,2.07,0.0,4.0,0,1,1,0,0.85,-35.1097,138.491,1,1,0.0,0.0,0.0,0.0,0.0,0.0,0.0,0.0,0.0
18,Mt Stuart,MSTUART1,Diesel,Diesel,Reciprocating Engine,141.16666666666666,0.9020784,0.0958,0.0032,0.337,150.2,189.52,1,28.23,141.16666666666666,9999.0,9999.0,0,1,433.5339871355697,35.43153658193376,12.565235667049695,18080.0,1001.6305644669512,0.6,11.881188118811883,14.116666666666667,0.0,4.0,0,1,1,0,0.85,-19.337998,146.851171,3,1,0.0,0.0,0.0,0.0,0.0,0.0,0.0,0.0,0.0
19,Port Lincoln GT,POR01,Diesel,Diesel,Reciprocating Engine,36.75,0.9020784,0.0958,0.0032,0.337,150.2,189.52,11,7.35,36.75,9999.0,9999.0,0,1,466.49239472385227,35.43153658193376,12.565235667049695,18080.0,1334.5888261142497,0.6,12.81138790035587,3.6750000000000003,0.0,4.0,0,1,1,0,0.85,-34.70019,135.804728,2,1,0.0,0.0,0.0,0.0,0.0,0.0,0.0,0.0,0.0
20,Port Stanvac 1,PTSTAN1,Diesel,Diesel,Reciprocating Engine,46.8,0.9020784,0.0958,0.0032,0.337,150.2,189.52,11,9.36,46.8,9999.0,9999.0,0,1,293.06352472414187,35.43153658193376,13.34086749834906,18040.0,657.9846285226301,0.6,7.894736842105263,4.68,0.0,4.0,0,1,1,0,0.85,-35.1104,138.49146,1,1,0.0,0.0,0.0,0.0,0.0,0.0,0.0,0.0,0.0
21,Snapper Point Power Station,SNAPPER1,Diesel,Diesel,Reciprocating Engine,30.8,0.9020784,0.0958,0.0032,0.337,150.2,189.52,11,6.16,30.8,9999.0,9999.0,0,1,183.53552196346035,16.751700046219494,12.83177896958382,13470.0,541.6007456765004,0.6,10.190233977619531,3.08,0.0,4.0,0,1,1,0,0.85,-34.765,138.5053,5,1,0.0,0.0,0.0,0.0,0.0,0.0,0.0,0.0,0.0
22,Snuggery,SNUG1,Diesel,Diesel,Reciprocating Engine,21.0,0.9020784,0.0958,0.0032,0.337,150.2,189.52,12,4.2,21.0,9999.0,9999.0,0,1,488.51124945421964,35.43153658193376,12.565235667049695,18080.0,1106.8763326226012,0.6,13.432835820895521,2.1,0.0,4.0,0,1,1,0,0.85,-37.66455,140.415558,3,1,0.0,0.0,0.0,0.0,0.0,0.0,0.0,0.0,0.0
23,Barron Gorge,BARRON-1,Hydro,Run-of-River,Vertical Francis,35.0,0.93439578,0.0511,0.0171,0.1518,38.1,473.44,1,7.0,35.0,9999.0,9999.0,0,1,8.579681333911427,0.0,8.579681333911427,69510.0,0.0,0.6,0.0,3.5,0.0,2.5,0,1,1,0,0.85,-16.85086,145.6469,2,1,0.0,0.0,0.0,0.0,0.0,0.0,0.0,0.0,0.0
24,Bastyan,BASTYAN,Hydro,Reservoir,Francis,79.9,0.93439578,0.0511,0.0171,0.1518,38.1,473.44,10,15.98,79.9,9999.0,9999.0,0,1,8.579681333911427,0.0,8.579681333911427,69510.0,0.0,0.6,0.0,7.990000000000001,0.0,2.5,0,1,1,0,0.85,-41.736,145.5321,1,1,0.0,0.0,0.0,0.0,0.0,0.0,0.0,0.0,0.0
25,Blowering,BLOWERNG,Hydro,Reservoir,Francis,80.0,0.93439578,0.0511,0.0171,0.1518,38.1,473.44,8,16.0,80.0,9999.0,9999.0,0,1,8.579681333911427,0.0,8.579681333911427,69510.0,0.0,0.6,0.0,8.0,0.0,2.5,0,1,1,0,0.85,-35.3986,148.246272,1,1,0.0,0.0,0.0,0.0,0.0,0.0,0.0,0.0,0.0
26,Bogong / MacKay,MCKAY1,Hydro,Reservoir,Francis / Pelton,25.001666666666665,0.93439578,0.0511,0.0171,0.1518,38.1,473.44,9,5.0,25.001666666666665,9999.0,9999.0,0,1,8.579681333911427,0.0,8.579681333911427,69510.0,0.0,0.6,0.0,2.500166666666667,0.0,2.5,0,1,1,0,0.85,-36.8067,147.2287,12,1,0.0,0.0,0.0,0.0,0.0,0.0,0.0,0.0,0.0
27,Catagunya / Liapootah / Wayatinah,LI_WY_CA,Hydro,Reservoir,Francis,22.0875,0.93439578,0.0511,0.0171,0.1518,38.1,473.44,10,4.42,22.0875,9999.0,9999.0,0,1,8.579681333911427,0.0,8.579681333911427,69510.0,0.0,0.6,0.0,2.2087499999999998,0.0,2.5,0,1,1,0,0.85,-42.4522,146.5977,8,1,0.0,0.0,0.0,0.0,0.0,0.0,0.0,0.0,0.0
28,Cethana,CETHANA,Hydro,Reservoir,Francis,85.0,0.93439578,0.0511,0.0171,0.1518,38.1,473.44,10,17.0,85.0,9999.0,9999.0,0,1,8.579681333911427,0.0,8.579681333911427,69510.0,0.0,0.6,0.0,8.5,0.0,2.5,0,1,1,0,0.85,-41.481,146.1338,1,1,0.0,0.0,0.0,0.0,0.0,0.0,0.0,0.0,0.0
29,Dartmouth,DARTM1,Hydro,Reservoir,Francis,23.125,0.93439578,0.0511,0.0171,0.1518,38.1,473.44,9,4.62,23.125,9999.0,9999.0,0,1,8.579681333911427,0.0,8.579681333911427,69510.0,0.0,0.6,0.0,2.3125,0.0,2.5,0,1,1,0,0.85,-36.558,147.5236,8,1,0.0,0.0,0.0,0.0,0.0,0.0,0.0,0.0,0.0
30,Devils gate,DEVILS_G,Hydro,Reservoir,Francis,60.0,0.93439578,0.0511,0.0171,0.1518,38.1,473.44,10,12.0,60.0,9999.0,9999.0,0,1,8.579681333911427,0.0,8.579681333911427,69510.0,0.0,0.6,0.0,6.0,0.0,2.5,0,1,1,0,0.85,-41.3505,146.2633,1,1,0.0,0.0,0.0,0.0,0.0,0.0,0.0,0.0,0.0
31,Eildon,EILDON1,Hydro,Reservoir,Francis,67.5,0.93439578,0.0511,0.0171,0.1518,38.1,473.44,9,13.5,67.5,9999.0,9999.0,0,1,8.579681333911427,0.0,8.579681333911427,69510.0,0.0,0.6,0.0,6.75,0.0,2.5,0,1,1,0,0.85,-37.22186,145.92137,2,1,0.0,0.0,0.0,0.0,0.0,0.0,0.0,0.0,0.0
32,Fisher,FISHER,Hydro,Reservoir,Pelton,43.2,0.93439578,0.0511,0.0171,0.1518,38.1,473.44,10,8.64,43.2,9999.0,9999.0,0,1,8.579681333911427,0.0,8.579681333911427,69510.0,0.0,0.6,0.0,4.32,0.0,2.5,0,1,1,0,0.85,-41.6732,146.2686,1,1,0.0,0.0,0.0,0.0,0.0,0.0,0.0,0.0,0.0
33,Gordon,GORDON,Hydro,Reservoir,Francis,144.0,0.93439578,0.0511,0.0171,0.1518,38.1,473.44,10,28.8,144.0,9999.0,9999.0,0,1,8.579681333911427,0.0,8.579681333911427,69510.0,0.0,0.6,0.0,14.4,0.0,2.5,0,1,1,0,0.85,-42.7405,145.9819,3,1,0.0,0.0,0.0,0.0,0.0,0.0,0.0,0.0,0.0
34,Guthega,GUTHEGA,Hydro,Reservoir,Francis,30.0,0.93439578,0.0511,0.0171,0.1518,38.1,473.44,8,6.0,30.0,9999.0,9999.0,0,1,8.579681333911427,0.0,8.579681333911427,69510.0,0.0,0.6,0.0,3.0,0.0,2.5,0,1,1,0,0.85,-36.35,148.41353,2,1,0.0,0.0,0.0,0.0,0.0,0.0,0.0,0.0,0.0
35,Hume Dam NSW,HUMENSW,Hydro,Reservoir,Kaplan,29.0,0.93439578,0.0511,0.0171,0.1518,38.1,473.44,8,5.8,29.0,9999.0,9999.0,0,1,8.579681333911427,0.0,8.579681333911427,69510.0,0.0,0.6,0.0,2.9000000000000004,0.0,2.5,0,1,1,0,0.85,-36.1067,147.0327,1,1,0.0,0.0,0.0,0.0,0.0,0.0,0.0,0.0,0.0
36,Hume Dam VIC,HUMEV,Hydro,Reservoir,Kaplan,29.0,0.93439578,0.0511,0.0171,0.1518,38.1,473.44,9,5.8,29.0,9999.0,9999.0,0,1,8.579681333911427,0.0,8.579681333911427,69510.0,0.0,0.6,0.0,2.9000000000000004,0.0,2.5,0,1,1,0,0.85,-36.1067,147.0327,1,1,0.0,0.0,0.0,0.0,0.0,0.0,0.0,0.0,0.0
37,John Butters,JBUTTERS,Hydro,Reservoir,Francis,144.0,0.93439578,0.0511,0.0171,0.1518,38.1,473.44,10,28.8,144.0,9999.0,9999.0,0,1,8.579681333911427,0.0,8.579681333911427,69510.0,0.0,0.6,0.0,14.4,0.0,2.5,0,1,1,0,0.85,-42.1548,145.5344,1,1,0.0,0.0,0.0,0.0,0.0,0.0,0.0,0.0,0.0
38,Kareeya,KAREEYA1,Hydro,Run-of-River,Pelton,21.6,0.93439578,0.0511,0.0171,0.1518,38.1,473.44,1,4.32,21.6,9999.0,9999.0,0,1,8.579681333911427,0.0,8.579681333911427,69510.0,0.0,0.6,0.0,2.16,0.0,2.5,0,1,1,0,0.85,-17.76716,145.5777,4,1,0.0,0.0,0.0,0.0,0.0,0.0,0.0,0.0,0.0
39,Lake Echo,LK_ECHO,Hydro,Reservoir,Francis,32.4,0.93439578,0.0511,0.0171,0.1518,38.1,473.44,10,6.48,32.4,9999.0,9999.0,0,1,8.579681333911427,0.0,8.579681333911427,69510.0,0.0,0.6,0.0,3.24,0.0,2.5,0,1,1,0,0.85,-42.2536,146.6206,1,1,0.0,0.0,0.0,0.0,0.0,0.0,0.0,0.0,0.0
40,Lemonthyme / Wilmot,LEM_WIL,Hydro,Reservoir,Francis,40.8,0.93439578,0.0511,0.0171,0.1518,38.1,473.44,10,8.16,40.8,9999.0,9999.0,0,1,8.579681333911427,0.0,8.579681333911427,69510.0,0.0,0.6,0.0,4.08,0.0,2.5,0,1,1,0,0.85,-41.6038,146.139,2,1,0.0,0.0,0.0,0.0,0.0,0.0,0.0,0.0,0.0
41,Mackintosh,MACKNTSH,Hydro,Reservoir,Francis,79.9,0.93439578,0.0511,0.0171,0.1518,38.1,473.44,10,15.98,79.9,9999.0,9999.0,0,1,8.579681333911427,0.0,8.579681333911427,69510.0,0.0,0.6,0.0,7.990000000000001,0.0,2.5,0,1,1,0,0.85,-41.6994,145.6472,1,1,0.0,0.0,0.0,0.0,0.0,0.0,0.0,0.0,0.0
42,Meadowbank,MEADOWBK,Hydro,Reservoir,Francis,40.0,0.93439578,0.0511,0.0171,0.1518,38.1,473.44,10,8.0,40.0,9999.0,9999.0,0,1,8.579681333911427,0.0,8.579681333911427,69510.0,0.0,0.6,0.0,4.0,0.0,2.5,0,1,1,0,0.85,-42.6111,146.8457,1,1,0.0,0.0,0.0,0.0,0.0,0.0,0.0,0.0,0.0
43,Murray 1,MURRAY1,Hydro,Reservoir,Francis,95.0,0.93439578,0.0511,0.0171,0.1518,38.1,473.44,9,19.0,95.0,9999.0,9999.0,0,1,8.579681333911427,0.0,8.579681333911427,69510.0,0.0,0.6,0.0,9.5,0.0,2.5,0,1,1,0,0.85,-36.2468,148.1902,10,1,0.0,0.0,0.0,0.0,0.0,0.0,0.0,0.0,0.0
44,Murray 2,MURRAY2,Hydro,Reservoir,Francis,138.0,0.93439578,0.0511,0.0171,0.1518,38.1,473.44,9,27.6,138.0,9999.0,9999.0,0,1,8.579681333911427,0.0,8.579681333911427,69510.0,0.0,0.6,0.0,13.8,0.0,2.5,0,1,1,0,0.85,-36.2425,148.1364,4,1,0.0,0.0,0.0,0.0,0.0,0.0,0.0,0.0,0.0
45,Poatina,POAT110,Hydro,Reservoir,Nozzle-spear Pelton,50.0,0.93439578,0.0511,0.0171,0.1518,38.1,473.44,10,10.0,50.0,9999.0,9999.0,0,1,8.579681333911427,0.0,8.579681333911427,69510.0,0.0,0.6,0.0,5.0,0.0,2.5,0,1,1,0,0.85,-41.8115,146.9192,6,1,0.0,0.0,0.0,0.0,0.0,0.0,0.0,0.0,0.0
46,Reece,REECE1,Hydro,Reservoir,Francis,115.6,0.93439578,0.0511,0.0171,0.1518,38.1,473.44,10,23.12,115.6,9999.0,9999.0,0,1,8.579681333911427,0.0,8.579681333911427,69510.0,0.0,0.6,0.0,11.56,0.0,2.5,0,1,1,0,0.85,-41.7242,145.1354,2,1,0.0,0.0,0.0,0.0,0.0,0.0,0.0,0.0,0.0
47,Tarraleah,TARRALEA,Hydro,Reservoir,Pelton,15.0,0.93439578,0.0511,0.0171,0.1518,38.1,473.44,10,3.0,15.0,9999.0,9999.0,0,1,8.579681333911427,0.0,8.579681333911427,69510.0,0.0,0.6,0.0,1.5,0.0,2.5,0,1,1,0,0.85,-42.3012,146.457,6,1,0.0,0.0,0.0,0.0,0.0,0.0,0.0,0.0,0.0
48,Trevallyn,TREVALLN,Hydro,Reservoir,Francis,23.25,0.93439578,0.0511,0.0171,0.1518,38.1,473.44,10,4.65,23.25,9999.0,9999.0,0,1,8.579681333911427,0.0,8.579681333911427,69510.0,0.0,0.6,0.0,2.325,0.0,2.5,0,1,1,0,0.85,-41.4227,147.1118,4,1,0.0,0.0,0.0,0.0,0.0,0.0,0.0,0.0,0.0
49,Tribute,TRIBUTE,Hydro,Reservoir,Francis,82.8,0.93439578,0.0511,0.0171,0.1518,38.1,473.44,10,16.56,82.8,9999.0,9999.0,0,1,8.579681333911427,0.0,8.579681333911427,69510.0,0.0,0.6,0.0,8.28,0.0,2.5,0,1,1,0,0.85,-41.8175,145.6502,1,1,0.0,0.0,0.0,0.0,0.0,0.0,0.0,0.0,0.0
50,Tungatinah,TUNGATIN,Hydro,Reservoir,Francis,25.0,0.93439578,0.0511,0.0171,0.1518,38.1,473.44,10,5.0,25.0,9999.0,9999.0,0,1,8.579681333911427,0.0,8.579681333911427,69510.0,0.0,0.6,0.0,2.5,0.0,2.5,0,1,1,0,0.85,-42.2967,146.4565,5,1,0.0,0.0,0.0,0.0,0.0,0.0,0.0,0.0,0.0
51,Upper Tumut,UPPTUMUT,Hydro,Reservoir,Francis,77.0,0.93439578,0.0511,0.0171,0.1518,38.1,473.44,8,15.4,77.0,9999.0,9999.0,0,1,8.579681333911427,0.0,8.579681333911427,69510.0,0.0,0.6,0.0,7.7,0.0,2.5,0,1,1,0,0.85,-35.94096,148.3638,8,1,0.0,0.0,0.0,0.0,0.0,0.0,0.0,0.0,0.0
52,West Kiewa,WKIEWA1,Hydro,Reservoir,Francis,17.0,0.93439578,0.0511,0.0171,0.1518,38.1,473.44,9,3.4,17.0,9999.0,9999.0,0,1,8.579681333911427,0.0,8.579681333911427,69510.0,0.0,0.6,0.0,1.7000000000000002,0.0,2.5,0,1,1,0,0.85,-36.7601,147.1861,4,1,0.0,0.0,0.0,0.0,0.0,0.0,0.0,0.0,0.0
53,Kogan Gas,Kogan Gas,Hydrogen,Hydrogen-based gas turbines,Hydrogen-based gas turbines,200.0,0.98,0.02,0.0,0.0,22,0.0,4,0.0,200.0,22.0,22.0,0,1,40.6334,0.0,40.6334,69504.5,580.9846703741154,0.4,12.72,20.0,0.0,4.0,0,1,1,0,0.85,0.0,0.0,1,1,0.0,0.0,0.0,0.0,0.0,0.0,0.0,0.0,0.0
54,SA Hydrogen Turbine,SA Hydrogen Turbine,Hydrogen,Hydrogen-based gas turbines,Hydrogen-based gas turbines,200.0,0.98,0.02,0.0,0.0,22,0.0,11,0.0,200.0,22.0,22.0,0,1,331.29892397668567,22.851063205714283,40.6334,69504.5,580.9846703741154,0.4,12.72,20.0,0.0,4.0,0,1,1,0,0.85,0.0,0.0,1,1,0.0,0.0,0.0,0.0,0.0,0.0,0.0,0.0,0.0
55,Bairnsdale,BDL01,Natural Gas,OCGT,OCGT,47.0,0.9020784,0.0958,0.0032,0.337,150.2,189.52,9,15.51,47.0,9999.0,9999.0,0,1,186.5025483352546,16.572360623665077,12.565235667049695,18080.0,537.0489213605174,0.6,10.495626822157435,4.7,0.0,4.0,0,1,1,0,0.85,0.0,0.0,2,1,0.0,0.0,0.0,0.0,0.0,0.0,0.0,0.0,0.0
56,Barcaldine Power Station,BARCALDN,Natural Gas,OCGT,OCGT,37.0,0.9020784,0.0958,0.0032,0.337,150.2,189.52,2,12.21,37.0,9999.0,9999.0,0,1,229.6735250362119,17.067123858742477,12.565235667049695,18080.0,793.2628797886395,0.6,12.7208480565371,3.7,0.0,4.0,0,1,1,0,0.85,-23.55245,145.314186,1,1,0.0,0.0,0.0,0.0,0.0,0.0,0.0,0.0,0.0
57,Barker Inlet Power Station,BARKIPS1,Natural Gas,OCGT,OCGT,210.0,0.91781888,0.0721,0.0112,0.0999,44.08,106.48,11,69.3,210.0,9999.0,9999.0,0,1,144.39788222011185,16.600555198089953,13.34086749834906,18040.0,567.507343915481,0.6,7.894736842105263,21.0,0.0,4.0,0,1,1,0,0.85,-34.804443,138.525566,1,1,0.0,0.0,0.0,0.0,0.0,0.0,0.0,0.0,0.0
58,Bell Bay Three,BBTHREE1,Natural Gas,OCGT,OCGT,40.0,0.9020784,0.0958,0.0032,0.337,150.2,189.52,10,13.2,40.0,9999.0,9999.0,0,1,216.63724029521032,16.949313717727783,12.565235667049695,18080.0,618.7694024904949,0.6,12.040133779264215,4.0,0.0,4.0,0,1,1,0,0.85,0.0,0.0,3,1,0.0,0.0,0.0,0.0,0.0,0.0,0.0,0.0,0.0
59,Bolivar Power Station,BOLIVPS1,Natural Gas,OCGT,OCGT,123.2,0.9020784,0.0958,0.0032,0.337,150.2,189.52,11,40.66,123.2,9999.0,9999.0,0,1,185.07176844300048,16.902844894349037,12.83177896958382,13470.0,541.6007456765004,0.6,10.19,12.32,0.0,4.0,0,1,1,0,0.85,0.0,0.0,1,1,0.0,0.0,0.0,0.0,0.0,0.0,0.0,0.0,0.0
60,Braemar,BRAEMAR1,Natural Gas,OCGT,OCGT,188.0,0.91781888,0.0721,0.0112,0.0999,44.08,106.48,4,62.04,188.0,9999.0,9999.0,0,1,213.4333343511676,16.906398305913253,12.565235667049695,18080.0,616.5275751175529,0.6,11.881188118811883,18.8,0.0,4.0,0,1,1,0,0.85,0.0,0.0,3,1,0.0,0.0,0.0,0.0,0.0,0.0,0.0,0.0,0.0
61,Braemar 2 Power Station,BRAEMAR5,Natural Gas,OCGT,OCGT,173.0,0.91781888,0.0721,0.0112,0.0999,44.08,106.48,4,57.09,173.0,9999.0,9999.0,0,1,213.4333343511676,16.906398305913253,12.565235667049695,18080.0,616.5275751175529,0.6,11.881188118811883,17.3,0.0,4.0,0,1,1,0,0.85,-27.1109,150.9053,3,1,0.0,0.0,0.0,0.0,0.0,0.0,0.0,0.0,0.0
62,Colongra,CG1,Natural Gas,OCGT,OCGT,181.0,0.91781888,0.0721,0.0112,0.0999,44.08,106.48,7,59.73,181.0,9999.0,9999.0,0,1,206.28388242194535,17.380867472730912,12.565235667049695,18080.0,625.4489256220705,0.6,11.145510835913313,18.1,0.0,4.0,0,1,1,0,0.85,0.0,0.0,4,1,0.0,0.0,0.0,0.0,0.0,0.0,0.0,0.0,0.0
63,Condamine A,CPSA,Natural Gas,CCGT,CCGT,48.13333333333333,0.93552486,0.0504,0.0166,0.1521,61.19,40.35,4,20.0,48.13333333333333,1.0,1.0,0,1,123.43193475857105,15.73080743257225,8.794471687194328,12530.0,448.7800299499554,0.4,7.28744939271255,4.8133333333333335,0.0,4.0,0,1,1,0,0.85,0.0,0.0,3,1,4.0,4.0,0.0,0.0,0.0,0.0,0.0,0.0,0.0
64,Darling Downs,DDPS1,Natural Gas,CCGT,CCGT,161.125,0.93552486,0.0504,0.0166,0.1521,61.19,40.35,4,58.3,161.125,2.0,2.0,0,1,124.84141176354701,15.73080743257225,8.794471687194328,12530.0,420.66783129225746,0.4,7.3770491803278695,16.1125,0.0,4.0,0,1,1,0,0.85,0.0,0.0,4,1,4.0,4.0,0.0,0.0,0.0,0.0,0.0,0.0,0.0
65,Dry Creek GT,DRYCGT1,Natural Gas,OCGT,OCGT,52.0,0.9020784,0.0958,0.0032,0.337,150.2,189.52,11,17.16,52.0,9999.0,9999.0,0,1,243.9349756657437,16.902844894349037,12.565235667049695,18080.0,892.1893404004711,0.6,13.688212927756652,5.2,0.0,4.0,0,1,1,0,0.85,-34.847463,138.581758,3,1,0.0,0.0,0.0,0.0,0.0,0.0,0.0,0.0,0.0
66,Hallett GT,AGLHAL,Natural Gas,OCGT,GE Frame 5,23.07166666666667,0.9020784,0.0958,0.0032,0.337,150.2,189.52,11,7.61,23.07166666666667,9999.0,9999.0,0,1,259.51564357252005,16.600555198089953,12.565235667049695,18080.0,642.6559234241056,0.6,14.87603305785124,2.307166666666667,0.0,4.0,0,1,1,0,0.85,-33.3397,138.732,12,1,0.0,0.0,0.0,0.0,0.0,0.0,0.0,0.0,0.0
67,Jeeralang A,JLA01,Natural Gas,OCGT,OCGT,53.0,0.9020784,0.0958,0.0032,0.337,150.2,189.52,9,17.49,53.0,9999.0,9999.0,0,1,261.5440070890923,16.321941682111685,12.565235667049695,18080.0,757.9580538699031,0.6,15.254237288135592,5.300000000000001,0.0,4.0,0,1,1,0,0.85,0.0,0.0,4,1,0.0,0.0,0.0,0.0,0.0,0.0,0.0,0.0,0.0
68,Jeeralang B,JLB01,Natural Gas,OCGT,OCGT,76.0,0.9020784,0.0958,0.0032,0.337,150.2,189.52,9,25.08,76.0,9999.0,9999.0,0,1,261.5440070890923,16.321941682111685,12.565235667049695,18080.0,757.9580538699031,0.6,15.254237288135592,7.6000000000000005,0.0,4.0,0,1,1,0,0.85,0.0,0.0,3,1,0.0,0.0,0.0,0.0,0.0,0.0,0.0,0.0,0.0
69,Kurri Kurri OCGT,Kurri Kurri OCGT,Natural Gas,OCGT,OCGT,375.0,0.91781888,0.0721,0.0112,0.0999,44.08,106.48,7,123.75,375.0,9999.0,9999.0,0,1,197.8004965958065,17.380867472730912,7.80599887316349,10910.0,580.9846703741154,0.6,10.93124368048534,37.5,0.0,4.0,0,1,1,0,0.85,-32.780599,151.484749,2,1,0.0,0.0,0.0,0.0,0.0,0.0,0.0,0.0,0.0
70,Ladbroke Grove,LADBROK1,Natural Gas,OCGT,OCGT,40.0,0.9020784,0.0958,0.0032,0.337,150.2,189.52,12,13.2,40.0,9999.0,9999.0,0,1,209.7995548522769,16.600555198089953,12.565235667049695,18080.0,516.2363713597961,0.6,11.881188118811883,4.0,0.0,4.0,0,1,1,0,0.85,0.0,0.0,2,1,0.0,0.0,0.0,0.0,0.0,0.0,0.0,0.0,0.0
71,Laverton North,LNGS1,Natural Gas,OCGT,OCGT,156.0,0.91781888,0.0721,0.0112,0.0999,44.08,106.48,9,51.48,156.0,9999.0,9999.0,0,1,203.77045279847067,16.624231378370766,12.565235667049695,18080.0,638.1800848520663,0.6,11.501597444089457,15.600000000000001,0.0,4.0,0,1,1,0,0.85,0.0,0.0,2,1,0.0,0.0,0.0,0.0,0.0,0.0,0.0,0.0,0.0
72,Mintaro GT,MINTARO,Natural Gas,OCGT,OCGT,90.0,0.9020784,0.0958,0.0032,0.337,150.2,189.52,11,29.7,90.0,9999.0,9999.0,0,1,227.58375729127772,16.902844894349037,12.565235667049695,18080.0,693.5415787252005,0.6,12.7208480565371,9.0,0.0,4.0,0,1,1,0,0.85,-33.9031,138.7383,1,1,0.0,0.0,0.0,0.0,0.0,0.0,0.0,0.0,0.0
73,Mortlake,MORTLK11,Natural Gas,OCGT,OCGT,292.0,0.91781888,0.0721,0.0112,0.0999,44.08,106.48,9,96.36,292.0,9999.0,9999.0,0,1,199.14784139993034,16.74060601436679,12.565235667049695,18080.0,467.1117705242334,0.6,11.145510835913313,29.200000000000003,0.0,4.0,0,1,1,0,0.85,0.0,0.0,2,1,0.0,0.0,0.0,0.0,0.0,0.0,0.0,0.0,0.0
74,Newport,NPS,Natural Gas,OCGT,Gas-powered steam turbine,500.0,0.91781888,0.0721,0.0112,0.0999,44.08,106.48,9,100.0,500.0,5.6,5.6,0,1,170.6615777718764,16.321941682111685,2.7787490415847804,56240.0,532.5428952496833,0.6,10.285714285714286,50.0,0.0,4.0,0,1,1,0,0.85,0.0,0.0,1,1,4.0,4.0,0.0,0.0,0.0,0.0,0.0,0.0,0.0
75,Oakey Power Station,OAKEY1,Natural Gas,OCGT,OCGT,173.0,0.91781888,0.0721,0.0112,0.0999,44.08,106.48,4,57.09,173.0,9999.0,9999.0,0,1,197.60386285163688,16.91047453992477,12.565235667049695,18080.0,663.6831986261736,0.6,10.942249240121582,17.3,0.0,4.0,0,1,1,0,0.85,-27.418362,151.679767,2,1,0.0,0.0,0.0,0.0,0.0,0.0,0.0,0.0,0.0
76,Osborne,OSB-AG,Natural Gas,CCGT,CCGT,90.0,0.93552486,0.0504,0.0166,0.1521,61.19,40.35,11,90.0,90.0,2.67,2.67,0,1,136.9061950285225,15.693686109312702,8.794471687194328,12530.0,414.66923714231086,0.4,8.16326530612245,9.0,0.0,4.0,0,1,1,0,0.85,0.0,0.0,2,1,4.0,4.0,0.0,0.0,0.0,0.0,0.0,0.0,0.0
77,Pelican Point,PPCCGT,Natural Gas,CCGT,CCGT,176.33333333333334,0.93552486,0.0504,0.0166,0.1521,61.19,40.35,11,60.0,176.33333333333334,3.0,3.0,0,1,124.0950226943897,15.693686109312702,8.794471687194328,12530.0,400.2490660024907,0.4,7.346938775510204,17.633333333333336,0.0,4.0,0,1,1,0,0.85,0.0,0.0,3,1,4.0,4.0,0.0,0.0,0.0,0.0,0.0,0.0,0.0
78,Quarantine,QPS5,Natural Gas,OCGT,OCGT,46.8,0.9020784,0.0958,0.0032,0.337,150.2,189.52,11,3.0,46.8,9999.0,9999.0,0,1,193.6671452493608,16.902844894349037,12.565235667049695,18080.0,603.9766983816005,0.6,10.714285714285714,4.68,0.0,4.0,0,1,1,0,0.85,0.0,0.0,5,1,0.0,0.0,0.0,0.0,0.0,0.0,0.0,0.0,0.0
79,Roma,ROMA_7,Natural Gas,OCGT,OCGT,40.0,0.9020784,0.0958,0.0032,0.337,150.2,189.52,4,13.2,40.0,9999.0,9999.0,0,1,209.97780314926726,16.615557763086642,12.565235667049695,18080.0,649.8984196616386,0.6,11.881188118811883,4.0,0.0,4.0,0,1,1,0,0.85,0.0,0.0,2,1,0.0,0.0,0.0,0.0,0.0,0.0,0.0,0.0,0.0
80,Smithfield Energy Facility,SITHE01,Natural Gas,OCGT,OCGT,92.5,0.9020784,0.0958,0.0032,0.337,150.2,189.52,7,30.52,92.5,9999.0,9999.0,0,1,247.2126942221663,17.142300444443244,12.565235667049695,18080.0,704.9692847740237,0.6,13.688212927756652,9.25,0.0,4.0,0,1,1,0,0.85,-33.85004,150.949466,2,1,6,6,0.0,0.0,0.0,0.0,0.0,0.0,0.0
81,Somerton,AGLSOM,Natural Gas,OCGT,Frame 6B,56.666666666666664,0.9020784,0.0958,0.0032,0.337,150.2,189.52,9,18.7,56.666666666666664,9999.0,9999.0,0,1,255.3709796984632,16.321941682111685,12.565235667049695,18080.0,732.5947355035606,0.6,14.87603305785124,5.666666666666667,0.0,4.0,0,1,1,0,0.85,-37.631822,144.953077,3,1,0.0,0.0,0.0,0.0,0.0,0.0,0.0,0.0,0.0
82,Swanbank E GT,SWAN_E,Natural Gas,CCGT,CCGT,385.0,0.93552486,0.0504,0.0166,0.1521,61.19,40.35,4,95.0,385.0,17.0,17.0,0,1,125.34165193446671,15.669120899911064,8.794471687194328,12530.0,393.9766739422801,0.4,7.43801652892562,38.5,0.0,4.0,0,1,1,0,0.85,-27.660065,152.814452,1,1,4.0,4.0,0.0,0.0,0.0,0.0,0.0,0.0,0.0
83,Tallawarra,TALWA1,Natural Gas,CCGT,CCGT,220.0,0.93552486,0.0504,0.0166,0.1521,61.19,40.35,7,190.0,220.0,8.0,8.0,0,1,120.17177260732029,15.933141659406909,8.794471687194328,12530.0,370.9712367628364,0.4,6.990291262135922,22.0,0.0,4.0,0,1,1,0,0.85,-34.5228,150.8081,2,1,4.0,4.0,0.0,0.0,0.0,0.0,0.0,0.0,0.0
84,Tallawarra B,TALWB1,Natural Gas,OCGT,OCGT,320.0,0.91781888,0.0721,0.0112,0.0999,44.08,106.48,7,105.6,320.0,9999.0,9999.0,0,1,191.8882599435568,16.84001074818416,7.80599887316349,10910.0,580.9846703741154,0.6,10.93124368048534,32.0,0.0,4.0,0,1,1,0,0.85,-34.5228,150.8081,1,1,0.0,0.0,0.0,0.0,0.0,0.0,0.0,0.0,0.0
85,Tamar Valley Combined Cycle,TVCC201,Natural Gas,CCGT,CCGT,208.0,0.93552486,0.0504,0.0166,0.1521,61.19,40.35,10,70.8,208.0,6.0,6.0,0,1,123.5000541926381,15.740154932691452,8.794471687194328,125930.0,618.7694024904949,0.4,7.28744939271255,20.8,0.0,4.0,0,1,1,0,0.85,-41.140125,146.903636,1,1,4.0,4.0,0.0,0.0,0.0,0.0,0.0,0.0,0.0
86,Tamar Valley Peaking,TVPP104,Natural Gas,OCGT,OCGT,58.0,0.9020784,0.0958,0.0032,0.337,150.2,189.52,10,19.14,58.0,9999.0,9999.0,0,1,212.7933549521706,15.740154932691452,12.565235667049695,18080.0,618.7694024904949,0.6,12.7208480565371,5.800000000000001,0.0,4.0,0,1,1,0,0.85,-41.140125,146.903636,1,1,0.0,0.0,0.0,0.0,0.0,0.0,0.0,0.0,0.0
87,Torrens Island B,TORRB1,Natural Gas,OCGT,Gas-powered steam turbine,200.0,0.91781888,0.0721,0.0112,0.0999,44.08,106.48,11,40.0,200.0,5.0,5.0,0,1,183.88065862389587,16.902844894349037,2.7787490415847804,56240.0,593.041085228738,0.6,10.714285714285714,20.0,0.0,4.0,0,1,1,0,0.85,0.0,0.0,4,1,4.0,4.0,0.0,0.0,0.0,0.0,0.0,0.0,0.0
88,Townsville Power Station,YABULU,Natural Gas,CCGT,CCGT,122.0,0.93552486,0.0504,0.0166,0.1521,61.19,40.35,1,83.0,122.0,5.7,5.7,0,1,128.2663903986004,15.7304692970018,8.794471687194328,12530.0,571.8091915765218,0.4,7.59493670886076,12.200000000000001,0.0,4.0,0,1,1,0,0.85,0.0,0.0,2,1,4.0,4.0,0.0,0.0,0.0,0.0,0.0,0.0,0.0
89,Uranquinty,URANQ11,Natural Gas,OCGT,OCGT,173.0,0.91781888,0.0721,0.0112,0.0999,44.08,106.48,8,57.09,173.0,9999.0,9999.0,0,1,198.67403894174657,16.69809540492419,12.565235667049695,18080.0,564.2196299275946,0.6,11.145510835913313,17.3,0.0,4.0,0,1,1,0,0.85,0.0,0.0,4,1,0.0,0.0,0.0,0.0,0.0,0.0,0.0,0.0,0.0
90,Valley Power,VPGS1,Natural Gas,OCGT,OCGT,50.0,0.9020784,0.0958,0.0032,0.337,150.2,189.52,9,16.5,50.0,9999.0,9999.0,0,1,259.8678512130611,16.624231378370766,12.565235667049695,18080.0,805.7837406329668,0.6,14.87603305785124,5.0,0.0,4.0,0,1,1,0,0.85,-38.25362,146.589166,6,1,0.0,0.0,0.0,0.0,0.0,0.0,0.0,0.0,0.0
91,Yarwun Cogen,YARWUN_1,Natural Gas,CCGT,CCGT,180.0,0.93552486,0.0504,0.0166,0.1521,61.19,40.35,3,106.0,180.0,10.0,10.0,0,1,172.6754193691214,15.796302457119086,8.794471687194328,12530.0,0.0,0.4,10.374639769452449,18.0,0.0,4.0,0,1,1,0,0.85,0.0,0.0,1,1,6,6,0.0,0.0,0.0,0.0,0.0,0.0,0.0
92,RTPV_NQ,RTPV_NQ,Solar,RoofPV,RoofPV,100.0,1.0,0.0,0.0,0.0,1.0,1.0,1,0.0,100.0,9999.9,9999.9,0,1,0.0,0.0,0.0,0.0,0.0,1.0,0.0,0.0,0.0,0.0,0,0,0,0,1.0,-17.79385,145.5635,1,0,0.0,0.0,0.0,0.0,0.0,0.0,0.0,0.0,0.0
93,RTPV_CQ,RTPV_CQ,Solar,RoofPV,RoofPV,100.0,1.0,0.0,0.0,0.0,1.0,1.0,2,0.0,100.0,9999.9,9999.9,0,1,0.0,0.0,0.0,0.0,0.0,1.0,0.0,0.0,0.0,0.0,0,0,0,0,1.0,-22.8242,149.40361,1,0,0.0,0.0,0.0,0.0,0.0,0.0,0.0,0.0,0.0
94,RTPV_GG,RTPV_GG,Solar,RoofPV,RoofPV,100.0,1.0,0.0,0.0,0.0,1.0,1.0,3,0.0,100.0,9999.9,9999.9,0,1,0.0,0.0,0.0,0.0,0.0,1.0,0.0,0.0,0.0,0.0,0,0,0,0,1.0,-23.842948,151.248803,1,0,0.0,0.0,0.0,0.0,0.0,0.0,0.0,0.0,0.0
95,RTPV_SQ,RTPV_SQ,Solar,RoofPV,RoofPV,100.0,1.0,0.0,0.0,0.0,1.0,1.0,4,0.0,100.0,9999.9,9999.9,0,1,0.0,0.0,0.0,0.0,0.0,1.0,0.0,0.0,0.0,0.0,0,0,0,0,1.0,-27.476625,153.029934,1,0,0.0,0.0,0.0,0.0,0.0,0.0,0.0,0.0,0.0
96,RTPV_NNSW,RTPV_NNSW,Solar,RoofPV,RoofPV,100.0,1.0,0.0,0.0,0.0,1.0,1.0,5,0.0,100.0,9999.9,9999.9,0,1,0.0,0.0,0.0,0.0,0.0,1.0,0.0,0.0,0.0,0.0,0,0,0,0,1.0,-30.504711,151.652465,1,0,0.0,0.0,0.0,0.0,0.0,0.0,0.0,0.0,0.0
97,RTPV_CNSW,RTPV_CNSW,Solar,RoofPV,RoofPV,100.0,1.0,0.0,0.0,0.0,1.0,1.0,6,0.0,100.0,9999.9,9999.9,0,1,0.0,0.0,0.0,0.0,0.0,1.0,0.0,0.0,0.0,0.0,0,0,0,0,1.0,-33.4833,150.157717,1,0,0.0,0.0,0.0,0.0,0.0,0.0,0.0,0.0,0.0
98,RTPV_SNW,RTPV_SNW,Solar,RoofPV,RoofPV,100.0,1.0,0.0,0.0,0.0,1.0,1.0,7,0.0,100.0,9999.9,9999.9,0,1,0.0,0.0,0.0,0.0,0.0,1.0,0.0,0.0,0.0,0.0,0,0,0,0,1.0,-33.865,151.209444,1,0,0.0,0.0,0.0,0.0,0.0,0.0,0.0,0.0,0.0
99,RTPV_SNSW,RTPV_SNSW,Solar,RoofPV,RoofPV,100.0,1.0,0.0,0.0,0.0,1.0,1.0,8,0.0,100.0,9999.9,9999.9,0,1,0.0,0.0,0.0,0.0,0.0,1.0,0.0,0.0,0.0,0.0,0,0,0,0,1.0,-35.11098,147.359907,1,0,0.0,0.0,0.0,0.0,0.0,0.0,0.0,0.0,0.0
100,RTPV_VIC,RTPV_VIC,Solar,RoofPV,RoofPV,100.0,1.0,0.0,0.0,0.0,1.0,1.0,9,0.0,100.0,9999.9,9999.9,0,1,0.0,0.0,0.0,0.0,0.0,1.0,0.0,0.0,0.0,0.0,0,0,0,0,1.0,-37.766053,144.943397,1,0,0.0,0.0,0.0,0.0,0.0,0.0,0.0,0.0,0.0
101,RTPV_TAS,RTPV_TAS,Solar,RoofPV,RoofPV,100.0,1.0,0.0,0.0,0.0,1.0,1.0,10,0.0,100.0,9999.9,9999.9,0,1,0.0,0.0,0.0,0.0,0.0,1.0,0.0,0.0,0.0,0.0,0,0,0,0,1.0,-42.880556,147.325,1,0,0.0,0.0,0.0,0.0,0.0,0.0,0.0,0.0,0.0
102,RTPV_CSA,RTPV_CSA,Solar,RoofPV,RoofPV,100.0,1.0,0.0,0.0,0.0,1.0,1.0,11,0.0,100.0,9999.9,9999.9,0,1,0.0,0.0,0.0,0.0,0.0,1.0,0.0,0.0,0.0,0.0,0,0,0,0,1.0,-34.80268,138.52164,1,0,0.0,0.0,0.0,0.0,0.0,0.0,0.0,0.0,0.0
103,RTPV_SESA,RTPV_SESA,Solar,RoofPV,RoofPV,100.0,1.0,0.0,0.0,0.0,1.0,1.0,12,0.0,100.0,9999.9,9999.9,0,1,0.0,0.0,0.0,0.0,0.0,1.0,0.0,0.0,0.0,0.0,0,0,0,0,1.0,-37.6047,140.8373,1,0,0.0,0.0,0.0,0.0,0.0,0.0,0.0,0.0,0.0
104,LSPV_CQ,LSPV_CQ,Solar,LargePV,LargePV,869.9,1.0,0.0,0.0,0.0,1.0,1.0,2,0.0,869.9,9999.9,9999.9,0,1,0.0,0.0,0.0,0.0,0.0,1.0,0.0,0.0,0.0,0.0,0,0,0,0,1.0,-22.8242,149.40361,1,0,0.0,0.0,0.0,0.0,0.0,0.0,0.0,0.0,0.0
105,LSPV_VIC,LSPV_VIC,Solar,LargePV,LargePV,1313.6799999999998,1.0,0.0,0.0,0.0,1.0,1.0,9,0.0,1313.6799999999998,9999.9,9999.9,0,1,0.0,0.0,0.0,0.0,0.0,1.0,0.0,0.0,0.0,0.0,0,0,0,0,1.0,-37.766053,144.943397,1,0,0.0,0.0,0.0,0.0,0.0,0.0,0.0,0.0,0.0
106,LSPV_NNSW,LSPV_NNSW,Solar,LargePV,LargePV,721.0,1.0,0.0,0.0,0.0,1.0,1.0,5,0.0,721.0,9999.9,9999.9,0,1,0.0,0.0,0.0,0.0,0.0,1.0,0.0,0.0,0.0,0.0,0,0,0,0,1.0,-30.504711,151.652465,1,0,0.0,0.0,0.0,0.0,0.0,0.0,0.0,0.0,0.0
107,LSPV_SQ,LSPV_SQ,Solar,LargePV,LargePV,2042.66,1.0,0.0,0.0,0.0,1.0,1.0,4,0.0,2042.66,9999.9,9999.9,0,1,0.0,0.0,0.0,0.0,0.0,1.0,0.0,0.0,0.0,0.0,0,0,0,0,1.0,-27.476625,153.029934,1,0,0.0,0.0,0.0,0.0,0.0,0.0,0.0,0.0,0.0
108,LSPV_CSA,LSPV_CSA,Solar,LargePV,LargePV,648.04,1.0,0.0,0.0,0.0,1.0,1.0,11,0.0,648.04,9999.9,9999.9,0,1,0.0,0.0,0.0,0.0,0.0,1.0,0.0,0.0,0.0,0.0,0,0,0,0,1.0,-34.80268,138.52164,1,0,0.0,0.0,0.0,0.0,0.0,0.0,0.0,0.0,0.0
109,LSPV_NQ,LSPV_NQ,Solar,LargePV,LargePV,599.97,1.0,0.0,0.0,0.0,1.0,1.0,1,0.0,599.97,9999.9,9999.9,0,1,0.0,0.0,0.0,0.0,0.0,1.0,0.0,0.0,0.0,0.0,0,0,0,0,1.0,-17.79385,145.5635,1,0,0.0,0.0,0.0,0.0,0.0,0.0,0.0,0.0,0.0
110,LSPV_SNSW,LSPV_SNSW,Solar,LargePV,LargePV,2345.46,1.0,0.0,0.0,0.0,1.0,1.0,8,0.0,2345.46,9999.9,9999.9,0,1,0.0,0.0,0.0,0.0,0.0,1.0,0.0,0.0,0.0,0.0,0,0,0,0,1.0,-35.11098,147.359907,1,0,0.0,0.0,0.0,0.0,0.0,0.0,0.0,0.0,0.0
111,LSPV_CNSW,LSPV_CNSW,Solar,LargePV,LargePV,2053.7799999999997,1.0,0.0,0.0,0.0,1.0,1.0,6,0.0,2053.7799999999997,9999.9,9999.9,0,1,0.0,0.0,0.0,0.0,0.0,1.0,0.0,0.0,0.0,0.0,0,0,0,0,1.0,-33.4833,150.157717,1,0,0.0,0.0,0.0,0.0,0.0,0.0,0.0,0.0,0.0
112,LSPV_TAS,LSPV_TAS,Solar,LargePV,LargePV,0.0,1.0,0.0,0.0,0.0,1.0,1.0,10,0.0,0.0,9999.9,9999.9,0,1,0.0,0.0,0.0,0.0,0.0,1.0,0.0,0.0,0.0,0.0,0,0,0,0,1.0,-42.880556,147.325,1,0,0.0,0.0,0.0,0.0,0.0,0.0,0.0,0.0,0.0
113,LSPV_SESA,LSPV_SESA,Solar,LargePV,LargePV,42.9,1.0,0.0,0.0,0.0,1.0,1.0,12,0.0,42.9,9999.9,9999.9,0,1,0.0,0.0,0.0,0.0,0.0,1.0,0.0,0.0,0.0,0.0,0,0,0,0,1.0,-37.6047,140.8373,1,0,0.0,0.0,0.0,0.0,0.0,0.0,0.0,0.0,0.0
114,WIND_CQ,WIND_CQ,Wind,Wind,Wind,450.0,1.0,0.0,0.0,0.0,1.0,1.0,2,0.0,450.0,9999.9,9999.9,0,1,0.0,0.0,0.0,0.0,0.0,1.0,0.0,0.0,0.0,0.0,0,0,0,0,1.0,-22.8242,149.40361,1,0,0.0,0.0,0.0,0.0,0.0,0.0,0.0,0.0,0.0
115,WIND_VIC,WIND_VIC,Wind,Wind,Wind,5362.159999999998,1.0,0.0,0.0,0.0,1.0,1.0,9,0.0,5362.159999999998,9999.9,9999.9,0,1,0.0,0.0,0.0,0.0,0.0,1.0,0.0,0.0,0.0,0.0,0,0,0,0,1.0,-37.766053,144.943397,1,0,0.0,0.0,0.0,0.0,0.0,0.0,0.0,0.0,0.0
116,WIND_NNSW,WIND_NNSW,Wind,Wind,Wind,442.48,1.0,0.0,0.0,0.0,1.0,1.0,5,0.0,442.48,9999.9,9999.9,0,1,0.0,0.0,0.0,0.0,0.0,1.0,0.0,0.0,0.0,0.0,0,0,0,0,1.0,-30.504711,151.652465,1,0,0.0,0.0,0.0,0.0,0.0,0.0,0.0,0.0,0.0
117,WIND_SQ,WIND_SQ,Wind,Wind,Wind,877.88,1.0,0.0,0.0,0.0,1.0,1.0,4,0.0,877.88,9999.9,9999.9,0,1,0.0,0.0,0.0,0.0,0.0,1.0,0.0,0.0,0.0,0.0,0,0,0,0,1.0,-27.476625,153.029934,1,0,0.0,0.0,0.0,0.0,0.0,0.0,0.0,0.0,0.0
118,WIND_CSA,WIND_CSA,Wind,Wind,Wind,2435.99,1.0,0.0,0.0,0.0,1.0,1.0,11,0.0,2435.99,9999.9,9999.9,0,1,0.0,0.0,0.0,0.0,0.0,1.0,0.0,0.0,0.0,0.0,0,0,0,0,1.0,-34.80268,138.52164,1,0,0.0,0.0,0.0,0.0,0.0,0.0,0.0,0.0,0.0
119,WIND_NQ,WIND_NQ,Wind,Wind,Wind,380.52,1.0,0.0,0.0,0.0,1.0,1.0,1,0.0,380.52,9999.9,9999.9,0,1,0.0,0.0,0.0,0.0,0.0,1.0,0.0,0.0,0.0,0.0,0,0,0,0,1.0,-17.79385,145.5635,1,0,0.0,0.0,0.0,0.0,0.0,0.0,0.0,0.0,0.0
120,WIND_SNSW,WIND_SNSW,Wind,Wind,Wind,1873.85,1.0,0.0,0.0,0.0,1.0,1.0,8,0.0,1873.85,9999.9,9999.9,0,1,0.0,0.0,0.0,0.0,0.0,1.0,0.0,0.0,0.0,0.0,0,0,0,0,1.0,-35.11098,147.359907,1,0,0.0,0.0,0.0,0.0,0.0,0.0,0.0,0.0,0.0
121,WIND_CNSW,WIND_CNSW,Wind,Wind,Wind,507.24,1.0,0.0,0.0,0.0,1.0,1.0,6,0.0,507.24,9999.9,9999.9,0,1,0.0,0.0,0.0,0.0,0.0,1.0,0.0,0.0,0.0,0.0,0,0,0,0,1.0,-33.4833,150.157717,1,0,0.0,0.0,0.0,0.0,0.0,0.0,0.0,0.0,0.0
122,WIND_TAS,WIND_TAS,Wind,Wind,Wind,563.35,1.0,0.0,0.0,0.0,1.0,1.0,10,0.0,563.35,9999.9,9999.9,0,1,0.0,0.0,0.0,0.0,0.0,1.0,0.0,0.0,0.0,0.0,0,0,0,0,1.0,-42.880556,147.325,1,0,0.0,0.0,0.0,0.0,0.0,0.0,0.0,0.0,0.0
123,WIND_SESA,WIND_SESA,Wind,Wind,Wind,324.5,1.0,0.0,0.0,0.0,1.0,1.0,12,0.0,324.5,9999.9,9999.9,0,1,0.0,0.0,0.0,0.0,0.0,1.0,0.0,0.0,0.0,0.0,0,0,0,0,1.0,-37.6047,140.8373,1,0,0.0,0.0,0.0,0.0,0.0,0.0,0.0,0.0,0.0
124,WIND_SNW,WIND_SNW,Wind,Wind,Wind,0.0,1.0,0.0,0.0,0.0,1.0,1.0,7,0.0,0.0,9999.9,9999.9,0,1,0.0,0.0,0.0,0.0,0.0,1.0,0.0,0.0,0.0,0.0,0,0,0,0,1.0,-33.865,151.209444,1,0,0.0,0.0,0.0,0.0,0.0,0.0,0.0,0.0,0.0
