id,id_dem,scenario,date,value
1,1,2,2040-02-09T00:00:00.0,1097.481964458655
2,1,2,2040-02-09T01:00:00.0,1055.709848865155
3,1,2,2040-02-09T02:00:00.0,1020.02031312859
4,1,2,2040-02-09T03:00:00.0,993.125969018206
5,1,2,2040-02-09T04:00:00.0,986.146242817602
6,1,2,2040-02-09T05:00:00.0,1029.40212015605
7,1,2,2040-02-09T06:00:00.0,1146.593476032345
8,1,2,2040-02-09T07:00:00.0,1345.946913550845
9,1,2,2040-02-09T08:00:00.0,1477.5786903870799
10,1,2,2040-02-09T09:00:00.0,1568.05036387486
11,1,2,2040-02-09T10:00:00.0,1701.44292430368
12,1,2,2040-02-09T11:00:00.0,1811.48695499827
13,1,2,2040-02-09T12:00:00.0,1843.3757436897
14,1,2,2040-02-09T13:00:00.0,1810.16290354397
15,1,2,2040-02-09T14:00:00.0,1709.480117161615
16,1,2,2040-02-09T15:00:00.0,1647.570924876785
17,1,2,2040-02-09T16:00:00.0,1601.0256373258298
18,1,2,2040-02-09T17:00:00.0,1533.897927306375
19,1,2,2040-02-09T18:00:00.0,1495.081993272865
20,1,2,2040-02-09T19:00:00.0,1518.565580318895
21,1,2,2040-02-09T20:00:00.0,1472.697486416315
22,1,2,2040-02-09T21:00:00.0,1380.31933930121
23,1,2,2040-02-09T22:00:00.0,1273.23909740702
24,1,2,2040-02-09T23:00:00.0,1182.4998439288852
25,1,2,2040-02-10T00:00:00.0,1111.759940075745
26,1,2,2040-02-10T01:00:00.0,1060.10495598356
27,1,2,2040-02-10T02:00:00.0,1030.4629057453599
28,1,2,2040-02-10T03:00:00.0,1005.5889979125395
29,1,2,2040-02-10T04:00:00.0,997.7259914413851
30,1,2,2040-02-10T05:00:00.0,1037.158087202345
31,1,2,2040-02-10T06:00:00.0,1150.60018500652
32,1,2,2040-02-10T07:00:00.0,1369.66841576165
33,1,2,2040-02-10T08:00:00.0,1508.728596925605
34,1,2,2040-02-10T09:00:00.0,1634.907669990425
35,1,2,2040-02-10T10:00:00.0,1772.033154174235
36,1,2,2040-02-10T11:00:00.0,1869.19614386069
37,1,2,2040-02-10T12:00:00.0,1904.7306404380652
38,1,2,2040-02-10T13:00:00.0,1868.7866839695798
39,1,2,2040-02-10T14:00:00.0,1772.520225542045
40,1,2,2040-02-10T15:00:00.0,1700.803201711155
41,1,2,2040-02-10T16:00:00.0,1655.19768843576
42,1,2,2040-02-10T17:00:00.0,1567.76329482883
43,1,2,2040-02-10T18:00:00.0,1487.610923506205
44,1,2,2040-02-10T19:00:00.0,1504.2062170507002
45,1,2,2040-02-10T20:00:00.0,1465.44489909388
46,1,2,2040-02-10T21:00:00.0,1387.9317317241148
47,1,2,2040-02-10T22:00:00.0,1293.581243075745
48,1,2,2040-02-10T23:00:00.0,1181.39550041389
49,1,2,2040-02-11T00:00:00.0,1136.59158361059
50,1,2,2040-02-11T01:00:00.0,1077.669348312415
51,1,2,2040-02-11T02:00:00.0,1041.662311390675
52,1,2,2040-02-11T03:00:00.0,1007.810782359005
53,1,2,2040-02-11T04:00:00.0,982.6207084093255
54,1,2,2040-02-11T05:00:00.0,989.570090038242
55,1,2,2040-02-11T06:00:00.0,1057.6812875762
56,1,2,2040-02-11T07:00:00.0,1232.268207848045
57,1,2,2040-02-11T08:00:00.0,1432.541640272745
58,1,2,2040-02-11T09:00:00.0,1647.54525718955
59,1,2,2040-02-11T10:00:00.0,1814.11249430817
60,1,2,2040-02-11T11:00:00.0,1907.323352608405
61,1,2,2040-02-11T12:00:00.0,1886.728281842055
62,1,2,2040-02-11T13:00:00.0,1839.526299814685
63,1,2,2040-02-11T14:00:00.0,1751.41422245396
64,1,2,2040-02-11T15:00:00.0,1711.27699352522
65,1,2,2040-02-11T16:00:00.0,1672.202555265015
66,1,2,2040-02-11T17:00:00.0,1613.58198613506
67,1,2,2040-02-11T18:00:00.0,1550.67860670592
68,1,2,2040-02-11T19:00:00.0,1551.1677483450048
69,1,2,2040-02-11T20:00:00.0,1507.22734706763
70,1,2,2040-02-11T21:00:00.0,1436.570493922225
71,1,2,2040-02-11T22:00:00.0,1338.4368629568949
72,1,2,2040-02-11T23:00:00.0,1266.850713442215
73,2,2,2040-02-09T00:00:00.0,1932.293276661115
74,2,2,2040-02-09T01:00:00.0,1895.40105185583
75,2,2,2040-02-09T02:00:00.0,1863.8808294088199
76,2,2,2040-02-09T03:00:00.0,1840.12832909099
77,2,2,2040-02-09T04:00:00.0,1833.9639865765248
78,2,2,2040-02-09T05:00:00.0,1872.166637513565
79,2,2,2040-02-09T06:00:00.0,1975.66749651475
80,2,2,2040-02-09T07:00:00.0,2151.7321206819397
81,2,2,2040-02-09T08:00:00.0,2267.986445691925
82,2,2,2040-02-09T09:00:00.0,2349.21337130709
83,2,2,2040-02-09T10:00:00.0,2476.7207951212004
84,2,2,2040-02-09T11:00:00.0,2582.82880566109
85,2,2,2040-02-09T12:00:00.0,2614.715707031075
86,2,2,2040-02-09T13:00:00.0,2581.071297840885
87,2,2,2040-02-09T14:00:00.0,2479.8686749539447
88,2,2,2040-02-09T15:00:00.0,2418.5897401216953
89,2,2,2040-02-09T16:00:00.0,2377.012106788645
90,2,2,2040-02-09T17:00:00.0,2317.726371950575
91,2,2,2040-02-09T18:00:00.0,2283.44498246274
92,2,2,2040-02-09T19:00:00.0,2304.185176255355
93,2,2,2040-02-09T20:00:00.0,2263.675472411025
94,2,2,2040-02-09T21:00:00.0,2182.089100209275
95,2,2,2040-02-09T22:00:00.0,2087.5181573677
96,2,2,2040-02-09T23:00:00.0,2007.3792204137949
97,2,2,2040-02-10T00:00:00.0,1944.903274472955
98,2,2,2040-02-10T01:00:00.0,1899.28271495936
99,2,2,2040-02-10T02:00:00.0,1873.103500295705
100,2,2,2040-02-10T03:00:00.0,1851.135405395165
101,2,2,2040-02-10T04:00:00.0,1844.190968938985
102,2,2,2040-02-10T05:00:00.0,1879.0165390756151
103,2,2,2040-02-10T06:00:00.0,1979.20613481698
104,2,2,2040-02-10T07:00:00.0,2172.682435978305
105,2,2,2040-02-10T08:00:00.0,2295.644514153235
106,2,2,2040-02-10T09:00:00.0,2410.5126275023104
107,2,2,2040-02-10T10:00:00.0,2541.726523836345
108,2,2,2040-02-10T11:00:00.0,2634.55035726445
109,2,2,2040-02-10T12:00:00.0,2667.88019389974
110,2,2,2040-02-10T13:00:00.0,2630.555647505665
111,2,2,2040-02-10T14:00:00.0,2533.278438104675
112,2,2,2040-02-10T15:00:00.0,2465.3674394611
113,2,2,2040-02-10T16:00:00.0,2424.85568519772
114,2,2,2040-02-10T17:00:00.0,2347.635528669135
115,2,2,2040-02-10T18:00:00.0,2276.84669598739
116,2,2,2040-02-10T19:00:00.0,2291.50329863857
117,2,2,2040-02-10T20:00:00.0,2257.2701448829002
118,2,2,2040-02-10T21:00:00.0,2188.812199783755
119,2,2,2040-02-10T22:00:00.0,2105.4838983978098
120,2,2,2040-02-10T23:00:00.0,2006.4038882181749
121,2,2,2040-02-11T00:00:00.0,1966.834042463905
122,2,2,2040-02-11T01:00:00.0,1914.79520459886
123,2,2,2040-02-11T02:00:00.0,1882.9945720042401
124,2,2,2040-02-11T03:00:00.0,1853.097637140035
125,2,2,2040-02-11T04:00:00.0,1830.850311195215
126,2,2,2040-02-11T05:00:00.0,1836.9878540433351
127,2,2,2040-02-11T06:00:00.0,1897.142183687065
128,2,2,2040-02-11T07:00:00.0,2051.375545764625
129,2,2,2040-02-11T08:00:00.0,2230.201718501545
130,2,2,2040-02-11T09:00:00.0,2430.076789571875
131,2,2,2040-02-11T10:00:00.0,2586.7668062687253
132,2,2,2040-02-11T11:00:00.0,2671.6021809984004
133,2,2,2040-02-11T12:00:00.0,2650.572768215815
134,2,2,2040-02-11T13:00:00.0,2599.37856905848
135,2,2,2040-02-11T14:00:00.0,2511.758446461375
136,2,2,2040-02-11T15:00:00.0,2474.38370887786
137,2,2,2040-02-11T16:00:00.0,2439.874014074185
138,2,2,2040-02-11T17:00:00.0,2388.10160121386
139,2,2,2040-02-11T18:00:00.0,2332.5467033605946
140,2,2,2040-02-11T19:00:00.0,2332.9787026274353
141,2,2,2040-02-11T20:00:00.0,2294.171495021905
142,2,2,2040-02-11T21:00:00.0,2231.76889766148
143,2,2,2040-02-11T22:00:00.0,2145.0994071869554
144,2,2,2040-02-11T23:00:00.0,2081.8760754663354
145,3,2,2040-02-09T00:00:00.0,1718.29862163441
146,3,2,2040-02-09T01:00:00.0,1714.6275031549649
147,3,2,2040-02-09T02:00:00.0,1711.490948726165
148,3,2,2040-02-09T03:00:00.0,1709.127354681345
149,3,2,2040-02-09T04:00:00.0,1708.513945437585
150,3,2,2040-02-09T05:00:00.0,1712.315463469065
151,3,2,2040-02-09T06:00:00.0,1722.614758730415
152,3,2,2040-02-09T07:00:00.0,1740.134821528695
153,3,2,2040-02-09T08:00:00.0,1751.7032049241652
154,3,2,2040-02-09T09:00:00.0,1759.41059916256
155,3,2,2040-02-09T10:00:00.0,1769.34941023301
156,3,2,2040-02-09T11:00:00.0,1777.379483612115
157,3,2,2040-02-09T12:00:00.0,1779.4969477642999
158,3,2,2040-02-09T13:00:00.0,1777.371329755745
159,3,2,2040-02-09T14:00:00.0,1770.7825793728748
160,3,2,2040-02-09T15:00:00.0,1766.55642903602
161,3,2,2040-02-09T16:00:00.0,1762.552269226965
162,3,2,2040-02-09T17:00:00.0,1756.6527888383448
163,3,2,2040-02-09T18:00:00.0,1753.2414726839502
164,3,2,2040-02-09T19:00:00.0,1755.30531429559
165,3,2,2040-02-09T20:00:00.0,1751.27422310593
166,3,2,2040-02-09T21:00:00.0,1743.15562249993
167,3,2,2040-02-09T22:00:00.0,1733.7449367059248
168,3,2,2040-02-09T23:00:00.0,1725.7703693295398
169,3,2,2040-02-10T00:00:00.0,1719.5534333525202
170,3,2,2040-02-10T01:00:00.0,1715.01376462945
171,3,2,2040-02-10T02:00:00.0,1712.40869000366
172,3,2,2040-02-10T03:00:00.0,1710.2226608451301
173,3,2,2040-02-10T04:00:00.0,1709.53162502015
174,3,2,2040-02-10T05:00:00.0,1712.997092195435
175,3,2,2040-02-10T06:00:00.0,1722.9668860562101
176,3,2,2040-02-10T07:00:00.0,1742.2195721784701
177,3,2,2040-02-10T08:00:00.0,1754.4137231979098
178,3,2,2040-02-10T09:00:00.0,1764.87191247808
179,3,2,2040-02-10T10:00:00.0,1775.06342143356
180,3,2,2040-02-10T11:00:00.0,1782.31248652573
181,3,2,2040-02-10T12:00:00.0,1785.07727521322
182,3,2,2040-02-10T13:00:00.0,1782.944945090925
183,3,2,2040-02-10T14:00:00.0,1776.73971988175
184,3,2,2040-02-10T15:00:00.0,1771.2781183094398
185,3,2,2040-02-10T16:00:00.0,1767.31314894478
186,3,2,2040-02-10T17:00:00.0,1759.629027287325
187,3,2,2040-02-10T18:00:00.0,1752.584881992005
188,3,2,2040-02-10T19:00:00.0,1754.04334987033
189,3,2,2040-02-10T20:00:00.0,1750.6368336185901
190,3,2,2040-02-10T21:00:00.0,1743.824633252665
191,3,2,2040-02-10T22:00:00.0,1735.53269453947
192,3,2,2040-02-10T23:00:00.0,1725.673314731565
193,3,2,2040-02-11T00:00:00.0,1721.7357481374102
194,3,2,2040-02-11T01:00:00.0,1716.5574011999852
195,3,2,2040-02-11T02:00:00.0,1713.392943361175
196,3,2,2040-02-11T03:00:00.0,1710.417921100035
197,3,2,2040-02-11T04:00:00.0,1708.2041058632099
198,3,2,2040-02-11T05:00:00.0,1708.81484829165
199,3,2,2040-02-11T06:00:00.0,1714.800761918145
200,3,2,2040-02-11T07:00:00.0,1730.13650827168
201,3,2,2040-02-11T08:00:00.0,1747.378826383825
202,3,2,2040-02-11T09:00:00.0,1764.4365234161
203,3,2,2040-02-11T10:00:00.0,1777.312317734315
204,3,2,2040-02-11T11:00:00.0,1785.0416340101651
205,3,2,2040-02-11T12:00:00.0,1783.7542279074
206,3,2,2040-02-11T13:00:00.0,1781.354978331225
207,3,2,2040-02-11T14:00:00.0,1775.41464786598
208,3,2,2040-02-11T15:00:00.0,1772.241646587365
209,3,2,2040-02-11T16:00:00.0,1768.807611936905
210,3,2,2040-02-11T17:00:00.0,1763.65577675808
211,3,2,2040-02-11T18:00:00.0,1758.1275492464752
212,3,2,2040-02-11T19:00:00.0,1758.1705371795701
213,3,2,2040-02-11T20:00:00.0,1754.30886015336
214,3,2,2040-02-11T21:00:00.0,1748.0992230402749
215,3,2,2040-02-11T22:00:00.0,1739.474805029045
216,3,2,2040-02-11T23:00:00.0,1733.18349723623
217,4,2,2040-02-09T00:00:00.0,5226.81619964155
218,4,2,2040-02-09T01:00:00.0,5020.57494245919
219,4,2,2040-02-09T02:00:00.0,4844.669773999605
220,4,2,2040-02-09T03:00:00.0,4712.386523366626
221,4,2,2040-02-09T04:00:00.0,4678.389432439006
222,4,2,2040-02-09T05:00:00.0,4892.251427960295
223,4,2,2040-02-09T06:00:00.0,5470.7129816560555
224,4,2,2040-02-09T07:00:00.0,6454.169419025535
225,4,2,2040-02-09T08:00:00.0,7102.7693438211445
226,4,2,2040-02-09T09:00:00.0,7558.08042044191
227,4,2,2040-02-09T10:00:00.0,8287.930125459694
228,4,2,2040-02-09T11:00:00.0,8896.925609953085
229,4,2,2040-02-09T12:00:00.0,9082.61202871472
230,4,2,2040-02-09T13:00:00.0,8887.466914449105
231,4,2,2040-02-09T14:00:00.0,8300.062839940609
232,4,2,2040-02-09T15:00:00.0,7946.19183589962
233,4,2,2040-02-09T16:00:00.0,7713.624374173615
234,4,2,2040-02-09T17:00:00.0,7382.625471280125
235,4,2,2040-02-09T18:00:00.0,7191.306802754614
236,4,2,2040-02-09T19:00:00.0,7307.25591910442
237,4,2,2040-02-09T20:00:00.0,7080.236794574595
238,4,2,2040-02-09T21:00:00.0,6623.646893680205
239,4,2,2040-02-09T22:00:00.0,6094.690589969216
240,4,2,2040-02-09T23:00:00.0,5646.6569046708955
241,4,2,2040-02-10T00:00:00.0,5293.984131552035
242,4,2,2040-02-10T01:00:00.0,5039.11120125735
243,4,2,2040-02-10T02:00:00.0,4893.130393506175
244,4,2,2040-02-10T03:00:00.0,4770.858787569185
245,4,2,2040-02-10T04:00:00.0,4732.491531931245
246,4,2,2040-02-10T05:00:00.0,4927.288146872295
247,4,2,2040-02-10T06:00:00.0,5486.8153257953545
248,4,2,2040-02-10T07:00:00.0,6567.045435090986
249,4,2,2040-02-10T08:00:00.0,7253.11421513106
250,4,2,2040-02-10T09:00:00.0,7900.342470621064
251,4,2,2040-02-10T10:00:00.0,8651.67284380049
252,4,2,2040-02-10T11:00:00.0,9183.04667818692
253,4,2,2040-02-10T12:00:00.0,9373.45716566097
254,4,2,2040-02-10T13:00:00.0,9155.255219283274
255,4,2,2040-02-10T14:00:00.0,8589.709001765354
256,4,2,2040-02-10T15:00:00.0,8202.371300864465
257,4,2,2040-02-10T16:00:00.0,7976.290883859205
258,4,2,2040-02-10T17:00:00.0,7545.201485546825
259,4,2,2040-02-10T18:00:00.0,7149.87104365467
260,4,2,2040-02-10T19:00:00.0,7231.740728688865
261,4,2,2040-02-10T20:00:00.0,7040.009380224345
262,4,2,2040-02-10T21:00:00.0,6657.135182656984
263,4,2,2040-02-10T22:00:00.0,6191.354534105035
264,4,2,2040-02-10T23:00:00.0,5637.689736964785
265,4,2,2040-02-11T00:00:00.0,5411.441056673621
266,4,2,2040-02-11T01:00:00.0,5120.964557788215
267,4,2,2040-02-11T02:00:00.0,4943.722110354365
268,4,2,2040-02-11T03:00:00.0,4777.28628472574
269,4,2,2040-02-11T04:00:00.0,4653.52174146799
270,4,2,2040-02-11T05:00:00.0,4687.969144934905
271,4,2,2040-02-11T06:00:00.0,5023.45302144991
272,4,2,2040-02-11T07:00:00.0,5883.72167905695
273,4,2,2040-02-11T08:00:00.0,6884.6185151411
274,4,2,2040-02-11T09:00:00.0,8018.26323934561
275,4,2,2040-02-11T10:00:00.0,8910.64997175927
276,4,2,2040-02-11T11:00:00.0,9388.929675274067
277,4,2,2040-02-11T12:00:00.0,9266.783455946359
278,4,2,2040-02-11T13:00:00.0,8963.908242403495
279,4,2,2040-02-11T14:00:00.0,8456.797759840965
280,4,2,2040-02-11T15:00:00.0,8245.01848350127
281,4,2,2040-02-11T16:00:00.0,8052.979412632465
282,4,2,2040-02-11T17:00:00.0,7764.237415264321
283,4,2,2040-02-11T18:00:00.0,7454.162994612875
284,4,2,2040-02-11T19:00:00.0,7456.57843770691
285,4,2,2040-02-11T20:00:00.0,7239.479332945715
286,4,2,2040-02-11T21:00:00.0,6890.783745989875
287,4,2,2040-02-11T22:00:00.0,6406.76082618257
288,4,2,2040-02-11T23:00:00.0,6054.38624787588
289,5,2,2040-02-09T00:00:00.0,626.396720715989
290,5,2,2040-02-09T01:00:00.0,575.161161353354
291,5,2,2040-02-09T02:00:00.0,545.3089274201665
292,5,2,2040-02-09T03:00:00.0,537.6309584537735
293,5,2,2040-02-09T04:00:00.0,560.155603023203
294,5,2,2040-02-09T05:00:00.0,637.169975852385
295,5,2,2040-02-09T06:00:00.0,740.6401910244155
296,5,2,2040-02-09T07:00:00.0,836.961501835995
297,5,2,2040-02-09T08:00:00.0,924.2969315876794
298,5,2,2040-02-09T09:00:00.0,1046.205524399004
299,5,2,2040-02-09T10:00:00.0,1247.186471424065
300,5,2,2040-02-09T11:00:00.0,1368.8639127117299
301,5,2,2040-02-09T12:00:00.0,1359.979697207565
302,5,2,2040-02-09T13:00:00.0,1230.020581317235
303,5,2,2040-02-09T14:00:00.0,1106.48230054535
304,5,2,2040-02-09T15:00:00.0,1109.011006183285
305,5,2,2040-02-09T16:00:00.0,1106.2299459186152
306,5,2,2040-02-09T17:00:00.0,1062.747352929285
307,5,2,2040-02-09T18:00:00.0,1008.0243309421555
308,5,2,2040-02-09T19:00:00.0,975.23933417188
309,5,2,2040-02-09T20:00:00.0,915.949178580272
310,5,2,2040-02-09T21:00:00.0,843.4194443307256
311,5,2,2040-02-09T22:00:00.0,771.2745039526735
312,5,2,2040-02-09T23:00:00.0,733.4765811636589
313,5,2,2040-02-10T00:00:00.0,697.096794113791
314,5,2,2040-02-10T01:00:00.0,657.5557819342071
315,5,2,2040-02-10T02:00:00.0,622.331793599104
316,5,2,2040-02-10T03:00:00.0,609.132320859525
317,5,2,2040-02-10T04:00:00.0,631.4873764840195
318,5,2,2040-02-10T05:00:00.0,711.2423396348565
319,5,2,2040-02-10T06:00:00.0,820.4999605663155
320,5,2,2040-02-10T07:00:00.0,942.540145828417
321,5,2,2040-02-10T08:00:00.0,1096.2826364356501
322,5,2,2040-02-10T09:00:00.0,1315.849686827015
323,5,2,2040-02-10T10:00:00.0,1495.4005549650801
324,5,2,2040-02-10T11:00:00.0,1576.53413629848
325,5,2,2040-02-10T12:00:00.0,1550.34837691876
326,5,2,2040-02-10T13:00:00.0,1444.774493607525
327,5,2,2040-02-10T14:00:00.0,1333.891434931085
328,5,2,2040-02-10T15:00:00.0,1308.24940449284
329,5,2,2040-02-10T16:00:00.0,1291.5195920312449
330,5,2,2040-02-10T17:00:00.0,1246.169602559975
331,5,2,2040-02-10T18:00:00.0,1181.697361582575
332,5,2,2040-02-10T19:00:00.0,1136.9679640189902
333,5,2,2040-02-10T20:00:00.0,1066.10783483857
334,5,2,2040-02-10T21:00:00.0,992.411382579078
335,5,2,2040-02-10T22:00:00.0,908.158044244425
336,5,2,2040-02-10T23:00:00.0,826.551013581626
337,5,2,2040-02-11T00:00:00.0,749.354363477876
338,5,2,2040-02-11T01:00:00.0,684.033492059566
339,5,2,2040-02-11T02:00:00.0,637.957285861303
340,5,2,2040-02-11T03:00:00.0,610.1352288632565
341,5,2,2040-02-11T04:00:00.0,602.9841028547914
342,5,2,2040-02-11T05:00:00.0,627.346640350175
343,5,2,2040-02-11T06:00:00.0,704.591859786653
344,5,2,2040-02-11T07:00:00.0,826.5560883855464
345,5,2,2040-02-11T08:00:00.0,999.543990192322
346,5,2,2040-02-11T09:00:00.0,1232.403669929625
347,5,2,2040-02-11T10:00:00.0,1425.687791432505
348,5,2,2040-02-11T11:00:00.0,1517.60468066407
349,5,2,2040-02-11T12:00:00.0,1461.604453004165
350,5,2,2040-02-11T13:00:00.0,1356.862742372575
351,5,2,2040-02-11T14:00:00.0,1233.83652959581
352,5,2,2040-02-11T15:00:00.0,1191.269418162655
353,5,2,2040-02-11T16:00:00.0,1169.25747241622
354,5,2,2040-02-11T17:00:00.0,1139.089209769435
355,5,2,2040-02-11T18:00:00.0,1106.38262207554
356,5,2,2040-02-11T19:00:00.0,1080.72440684446
357,5,2,2040-02-11T20:00:00.0,1025.67953901737
358,5,2,2040-02-11T21:00:00.0,945.7402192197135
359,5,2,2040-02-11T22:00:00.0,869.0120951603075
360,5,2,2040-02-11T23:00:00.0,802.605592273819
361,6,2,2040-02-09T00:00:00.0,1181.303012816475
362,6,2,2040-02-09T01:00:00.0,1115.198765613855
363,6,2,2040-02-09T02:00:00.0,1076.682926446295
364,6,2,2040-02-09T03:00:00.0,1066.77624993381
365,6,2,2040-02-09T04:00:00.0,1095.83709279613
366,6,2,2040-02-09T05:00:00.0,1195.2010390958599
367,6,2,2040-02-09T06:00:00.0,1328.69899113758
368,6,2,2040-02-09T07:00:00.0,1452.974040965095
369,6,2,2040-02-09T08:00:00.0,1563.46972155717
370,6,2,2040-02-09T09:00:00.0,1671.19320372481
371,6,2,2040-02-09T10:00:00.0,1793.4670776039402
372,6,2,2040-02-09T11:00:00.0,1869.9440673936151
373,6,2,2040-02-09T12:00:00.0,1881.3844840902
374,6,2,2040-02-09T13:00:00.0,1828.13242436478
375,6,2,2040-02-09T14:00:00.0,1782.262555481725
376,6,2,2040-02-09T15:00:00.0,1803.97065308191
377,6,2,2040-02-09T16:00:00.0,1800.381921375455
378,6,2,2040-02-09T17:00:00.0,1744.280289682185
379,6,2,2040-02-09T18:00:00.0,1673.676928665435
380,6,2,2040-02-09T19:00:00.0,1631.3781401689048
381,6,2,2040-02-09T20:00:00.0,1554.88248571493
382,6,2,2040-02-09T21:00:00.0,1461.305030641065
383,6,2,2040-02-09T22:00:00.0,1368.2238040196798
384,6,2,2040-02-09T23:00:00.0,1319.457156352195
385,6,2,2040-02-10T00:00:00.0,1272.5302497201
386,6,2,2040-02-10T01:00:00.0,1221.513700306175
387,6,2,2040-02-10T02:00:00.0,1176.06701502729
388,6,2,2040-02-10T03:00:00.0,1159.0364958150349
389,6,2,2040-02-10T04:00:00.0,1187.87896578184
390,6,2,2040-02-10T05:00:00.0,1290.779898940115
391,6,2,2040-02-10T06:00:00.0,1431.74603914224
392,6,2,2040-02-10T07:00:00.0,1588.2668076740752
393,6,2,2040-02-10T08:00:00.0,1760.03810377008
394,6,2,2040-02-10T09:00:00.0,1944.35982403862
395,6,2,2040-02-10T10:00:00.0,2093.321621105655
396,6,2,2040-02-10T11:00:00.0,2170.4141193927753
397,6,2,2040-02-10T12:00:00.0,2180.1805863555
398,6,2,2040-02-10T13:00:00.0,2137.621510447385
399,6,2,2040-02-10T14:00:00.0,2079.034984101805
400,6,2,2040-02-10T15:00:00.0,2061.046262164725
401,6,2,2040-02-10T16:00:00.0,2039.4608372068901
402,6,2,2040-02-10T17:00:00.0,1980.9494511082148
403,6,2,2040-02-10T18:00:00.0,1897.7667433368151
404,6,2,2040-02-10T19:00:00.0,1840.056610204045
405,6,2,2040-02-10T20:00:00.0,1748.6322776023198
406,6,2,2040-02-10T21:00:00.0,1653.54835152484
407,6,2,2040-02-10T22:00:00.0,1544.84364436827
408,6,2,2040-02-10T23:00:00.0,1439.55367718741
409,6,2,2040-02-11T00:00:00.0,1339.954098967245
410,6,2,2040-02-11T01:00:00.0,1255.67648410945
411,6,2,2040-02-11T02:00:00.0,1196.227744883385
412,6,2,2040-02-11T03:00:00.0,1160.33095171881
413,6,2,2040-02-11T04:00:00.0,1151.1042071729498
414,6,2,2040-02-11T05:00:00.0,1182.53728686115
415,6,2,2040-02-11T06:00:00.0,1282.2007618923599
416,6,2,2040-02-11T07:00:00.0,1437.899497705805
417,6,2,2040-02-11T08:00:00.0,1622.8397762798
418,6,2,2040-02-11T09:00:00.0,1820.89302916734
419,6,2,2040-02-11T10:00:00.0,1981.308606101755
420,6,2,2040-02-11T11:00:00.0,2066.184363096105
421,6,2,2040-02-11T12:00:00.0,2055.94265413689
422,6,2,2040-02-11T13:00:00.0,1999.6403851754499
423,6,2,2040-02-11T14:00:00.0,1937.736913621495
424,6,2,2040-02-11T15:00:00.0,1909.38762768659
425,6,2,2040-02-11T16:00:00.0,1881.717826065765
426,6,2,2040-02-11T17:00:00.0,1842.7940622594451
427,6,2,2040-02-11T18:00:00.0,1800.595799015825
428,6,2,2040-02-11T19:00:00.0,1767.49158370108
429,6,2,2040-02-11T20:00:00.0,1696.472258297935
430,6,2,2040-02-11T21:00:00.0,1593.33369159529
431,6,2,2040-02-11T22:00:00.0,1494.3382670873
432,6,2,2040-02-11T23:00:00.0,1408.65988032203
433,7,2,2040-02-09T00:00:00.0,7448.599932865765
434,7,2,2040-02-09T01:00:00.0,6922.718421467235
435,7,2,2040-02-09T02:00:00.0,6616.330359624725
436,7,2,2040-02-09T03:00:00.0,6537.54358972774
437,7,2,2040-02-09T04:00:00.0,6768.755126073171
438,7,2,2040-02-09T05:00:00.0,7559.237235710155
439,7,2,2040-02-09T06:00:00.0,8621.239545561446
440,7,2,2040-02-09T07:00:00.0,9609.842359667835
441,7,2,2040-02-09T08:00:00.0,10489.98786811165
442,7,2,2040-02-09T09:00:00.0,11373.54805784255
443,7,2,2040-02-09T10:00:00.0,12419.8685376709
444,7,2,2040-02-09T11:00:00.0,13071.5355617892
445,7,2,2040-02-09T12:00:00.0,13150.2870072986
446,7,2,2040-02-09T13:00:00.0,12665.24927914965
447,7,2,2040-02-09T14:00:00.0,12239.408237545998
448,7,2,2040-02-09T15:00:00.0,12402.2428717718
449,7,2,2040-02-09T16:00:00.0,12373.7201135093
450,7,2,2040-02-09T17:00:00.0,11927.42531756915
451,7,2,2040-02-09T18:00:00.0,11365.73313627825
452,7,2,2040-02-09T19:00:00.0,11029.209893610801
453,7,2,2040-02-09T20:00:00.0,10420.63210413785
454,7,2,2040-02-09T21:00:00.0,9676.165660169345
455,7,2,2040-02-09T22:00:00.0,8935.657302990396
456,7,2,2040-02-09T23:00:00.0,8547.687627481326
457,7,2,2040-02-10T00:00:00.0,8173.904849850514
458,7,2,2040-02-10T01:00:00.0,7768.0794420791
459,7,2,2040-02-10T02:00:00.0,7406.562875688354
460,7,2,2040-02-10T03:00:00.0,7271.10285846601
461,7,2,2040-02-10T04:00:00.0,7500.557923777966
462,7,2,2040-02-10T05:00:00.0,8319.130189786396
463,7,2,2040-02-10T06:00:00.0,9440.488099247596
464,7,2,2040-02-10T07:00:00.0,10686.07170290535
465,7,2,2040-02-10T08:00:00.0,12066.74949993375
466,7,2,2040-02-10T09:00:00.0,13586.1738353822
467,7,2,2040-02-10T10:00:00.0,14815.5950486111
468,7,2,2040-02-10T11:00:00.0,15443.705168473749
469,7,2,2040-02-10T12:00:00.0,15498.0212290722
470,7,2,2040-02-10T13:00:00.0,15109.18032886915
471,7,2,2040-02-10T14:00:00.0,14597.7582209108
472,7,2,2040-02-10T15:00:00.0,14446.5746879969
473,7,2,2040-02-10T16:00:00.0,14274.881210540701
474,7,2,2040-02-10T17:00:00.0,13809.4354097243
475,7,2,2040-02-10T18:00:00.0,13147.7095629356
476,7,2,2040-02-10T19:00:00.0,12688.6128430185
477,7,2,2040-02-10T20:00:00.0,11961.3201117134
478,7,2,2040-02-10T21:00:00.0,11204.92132748595
479,7,2,2040-02-10T22:00:00.0,10340.17626081845
480,7,2,2040-02-10T23:00:00.0,9502.575751339615
481,7,2,2040-02-11T00:00:00.0,8710.239518117796
482,7,2,2040-02-11T01:00:00.0,8039.80340493197
483,7,2,2040-02-11T02:00:00.0,7566.9178912949355
484,7,2,2040-02-11T03:00:00.0,7281.37831231395
485,7,2,2040-02-11T04:00:00.0,7207.99180048809
486,7,2,2040-02-11T05:00:00.0,7458.0314236361155
487,7,2,2040-02-11T06:00:00.0,8250.820976897516
488,7,2,2040-02-11T07:00:00.0,9490.250017939074
489,7,2,2040-02-11T08:00:00.0,10981.948198673901
490,7,2,2040-02-11T09:00:00.0,12612.4348692319
491,7,2,2040-02-11T10:00:00.0,13936.3305948251
492,7,2,2040-02-11T11:00:00.0,14629.648618975549
493,7,2,2040-02-11T12:00:00.0,14514.883025160601
494,7,2,2040-02-11T13:00:00.0,14024.67864859225
495,7,2,2040-02-11T14:00:00.0,13480.23902751915
496,7,2,2040-02-11T15:00:00.0,13240.4733922929
497,7,2,2040-02-11T16:00:00.0,13019.98777646705
498,7,2,2040-02-11T17:00:00.0,12710.3627299141
499,7,2,2040-02-11T18:00:00.0,12374.667684392
500,7,2,2040-02-11T19:00:00.0,12111.30902601645
501,7,2,2040-02-11T20:00:00.0,11546.339751553449
502,7,2,2040-02-11T21:00:00.0,10725.867041129
503,7,2,2040-02-11T22:00:00.0,9938.35221547027
504,7,2,2040-02-11T23:00:00.0,9256.77639379983
505,8,2,2040-02-09T00:00:00.0,952.5463683786545
506,8,2,2040-02-09T01:00:00.0,879.551645202489
507,8,2,2040-02-09T02:00:00.0,837.021860908956
508,8,2,2040-02-09T03:00:00.0,826.0836137900569
509,8,2,2040-02-09T04:00:00.0,858.174661940455
510,8,2,2040-02-09T05:00:00.0,967.8963346917765
511,8,2,2040-02-09T06:00:00.0,1115.3088183641698
512,8,2,2040-02-09T07:00:00.0,1252.5357918341301
513,8,2,2040-02-09T08:00:00.0,1375.72286664528
514,8,2,2040-02-09T09:00:00.0,1521.344034951375
515,8,2,2040-02-09T10:00:00.0,1730.1004859663199
516,8,2,2040-02-09T11:00:00.0,1857.87346764425
517,8,2,2040-02-09T12:00:00.0,1858.183602019115
518,8,2,2040-02-09T13:00:00.0,1737.8119813726598
519,8,2,2040-02-09T14:00:00.0,1626.0769014254051
520,8,2,2040-02-09T15:00:00.0,1640.1236752832451
521,8,2,2040-02-09T16:00:00.0,1636.162049837595
522,8,2,2040-02-09T17:00:00.0,1574.213133574735
523,8,2,2040-02-09T18:00:00.0,1496.249499101665
524,8,2,2040-02-09T19:00:00.0,1449.5406546387949
525,8,2,2040-02-09T20:00:00.0,1365.070074210845
526,8,2,2040-02-09T21:00:00.0,1261.7372700155602
527,8,2,2040-02-09T22:00:00.0,1158.952879361435
528,8,2,2040-02-09T23:00:00.0,1105.1023223633852
529,8,2,2040-02-10T00:00:00.0,1053.263465629785
530,8,2,2040-02-10T01:00:00.0,996.9303823137525
531,8,2,2040-02-10T02:00:00.0,946.7476889357811
532,8,2,2040-02-10T03:00:00.0,927.9430044559524
533,8,2,2040-02-10T04:00:00.0,959.7920681354365
534,8,2,2040-02-10T05:00:00.0,1073.4173030377
535,8,2,2040-02-10T06:00:00.0,1229.073946001195
536,8,2,2040-02-10T07:00:00.0,1402.4103789129
537,8,2,2040-02-10T08:00:00.0,1606.39013903337
538,8,2,2040-02-10T09:00:00.0,1863.17558360562
539,8,2,2040-02-10T10:00:00.0,2072.16201911008
540,8,2,2040-02-10T11:00:00.0,2172.1345141552947
541,8,2,2040-02-10T12:00:00.0,2159.4842496213896
542,8,2,2040-02-10T13:00:00.0,2062.09523084654
543,8,2,2040-02-10T14:00:00.0,1951.946360651415
544,8,2,2040-02-10T15:00:00.0,1923.96103656873
545,8,2,2040-02-10T16:00:00.0,1900.12676241799
546,8,2,2040-02-10T17:00:00.0,1835.51776358693
547,8,2,2040-02-10T18:00:00.0,1743.66528809267
548,8,2,2040-02-10T19:00:00.0,1679.939951871495
549,8,2,2040-02-10T20:00:00.0,1578.986685607205
550,8,2,2040-02-10T21:00:00.0,1473.99268228863
551,8,2,2040-02-10T22:00:00.0,1353.95862760808
552,8,2,2040-02-10T23:00:00.0,1237.69433344883
553,8,2,2040-02-11T00:00:00.0,1127.713367947495
554,8,2,2040-02-11T01:00:00.0,1034.65185993989
555,8,2,2040-02-11T02:00:00.0,969.0085626778715
556,8,2,2040-02-11T03:00:00.0,929.3714023433105
557,8,2,2040-02-11T04:00:00.0,919.1835712732345
558,8,2,2040-02-11T05:00:00.0,953.892194554727
559,8,2,2040-02-11T06:00:00.0,1063.941289982055
560,8,2,2040-02-11T07:00:00.0,1236.75948246655
561,8,2,2040-02-11T08:00:00.0,1461.5557835041
562,8,2,2040-02-11T09:00:00.0,1735.34325956607
563,8,2,2040-02-11T10:00:00.0,1960.348244775445
564,8,2,2040-02-11T11:00:00.0,2072.213457751915
565,8,2,2040-02-11T12:00:00.0,2027.53698076513
566,8,2,2040-02-11T13:00:00.0,1922.945555247135
567,8,2,2040-02-11T14:00:00.0,1802.4884248193448
568,8,2,2040-02-11T15:00:00.0,1756.8873142900302
569,8,2,2040-02-11T16:00:00.0,1725.9414023219051
570,8,2,2040-02-11T17:00:00.0,1682.96153431709
571,8,2,2040-02-11T18:00:00.0,1636.36495059662
572,8,2,2040-02-11T19:00:00.0,1599.80991317096
573,8,2,2040-02-11T20:00:00.0,1521.3883697624951
574,8,2,2040-02-11T21:00:00.0,1407.50029036395
575,8,2,2040-02-11T22:00:00.0,1298.1871225577202
576,8,2,2040-02-11T23:00:00.0,1203.5790033142448
577,9,2,2040-02-09T00:00:00.0,9249.13438448772
578,9,2,2040-02-09T01:00:00.0,8706.08869488593
579,9,2,2040-02-09T02:00:00.0,8249.66987507715
580,9,2,2040-02-09T03:00:00.0,8081.7680599496
581,9,2,2040-02-09T04:00:00.0,8308.709718727465
582,9,2,2040-02-09T05:00:00.0,9359.039220734136
583,9,2,2040-02-09T06:00:00.0,10940.011915930449
584,9,2,2040-02-09T07:00:00.0,12175.463341259801
585,9,2,2040-02-09T08:00:00.0,13526.3379050601
586,9,2,2040-02-09T09:00:00.0,15032.70319368025
587,9,2,2040-02-09T10:00:00.0,16364.483632488951
588,9,2,2040-02-09T11:00:00.0,17126.6912632811
589,9,2,2040-02-09T12:00:00.0,17374.872418596
590,9,2,2040-02-09T13:00:00.0,16907.589640251448
591,9,2,2040-02-09T14:00:00.0,15872.92584228225
592,9,2,2040-02-09T15:00:00.0,14866.19146900425
593,9,2,2040-02-09T16:00:00.0,14010.9088761643
594,9,2,2040-02-09T17:00:00.0,12923.66535106075
595,9,2,2040-02-09T18:00:00.0,11902.100444914951
596,9,2,2040-02-09T19:00:00.0,11413.605496806551
597,9,2,2040-02-09T20:00:00.0,10811.1663533896
598,9,2,2040-02-09T21:00:00.0,9707.83061172102
599,9,2,2040-02-09T22:00:00.0,8891.188859353198
600,9,2,2040-02-09T23:00:00.0,8275.1860745405
601,9,2,2040-02-10T00:00:00.0,7425.26345334637
602,9,2,2040-02-10T01:00:00.0,6479.776829974326
603,9,2,2040-02-10T02:00:00.0,6106.00998740172
604,9,2,2040-02-10T03:00:00.0,5935.53971983632
605,9,2,2040-02-10T04:00:00.0,6120.76001040968
606,9,2,2040-02-10T05:00:00.0,6940.824717362465
607,9,2,2040-02-10T06:00:00.0,8030.634507842525
608,9,2,2040-02-10T07:00:00.0,8706.52552030213
609,9,2,2040-02-10T08:00:00.0,9416.130971568455
610,9,2,2040-02-10T09:00:00.0,10069.702840835465
611,9,2,2040-02-10T10:00:00.0,10755.944390595749
612,9,2,2040-02-10T11:00:00.0,12215.69102233185
613,9,2,2040-02-10T12:00:00.0,12851.5067216118
614,9,2,2040-02-10T13:00:00.0,12706.8027377355
615,9,2,2040-02-10T14:00:00.0,11948.9168536135
616,9,2,2040-02-10T15:00:00.0,11508.60644989595
617,9,2,2040-02-10T16:00:00.0,11232.1755123634
618,9,2,2040-02-10T17:00:00.0,10726.20521925755
619,9,2,2040-02-10T18:00:00.0,10148.404820784604
620,9,2,2040-02-10T19:00:00.0,9565.382446787225
621,9,2,2040-02-10T20:00:00.0,8994.352939245855
622,9,2,2040-02-10T21:00:00.0,8170.28077349261
623,9,2,2040-02-10T22:00:00.0,7597.885432948615
624,9,2,2040-02-10T23:00:00.0,7572.165301254345
625,9,2,2040-02-11T00:00:00.0,7138.553259872185
626,9,2,2040-02-11T01:00:00.0,6616.879416431285
627,9,2,2040-02-11T02:00:00.0,6153.645828901865
628,9,2,2040-02-11T03:00:00.0,5905.535400224215
629,9,2,2040-02-11T04:00:00.0,5846.448451523835
630,9,2,2040-02-11T05:00:00.0,6163.533546482785
631,9,2,2040-02-11T06:00:00.0,6740.2737018209755
632,9,2,2040-02-11T07:00:00.0,7466.12545182977
633,9,2,2040-02-11T08:00:00.0,8382.36840925855
634,9,2,2040-02-11T09:00:00.0,9029.692947856314
635,9,2,2040-02-11T10:00:00.0,9254.95075402803
636,9,2,2040-02-11T11:00:00.0,9677.10930346376
637,9,2,2040-02-11T12:00:00.0,10612.52171070955
638,9,2,2040-02-11T13:00:00.0,11571.8278080354
639,9,2,2040-02-11T14:00:00.0,11217.213625842549
640,9,2,2040-02-11T15:00:00.0,9512.240059396136
641,9,2,2040-02-11T16:00:00.0,8810.11334323731
642,9,2,2040-02-11T17:00:00.0,8397.64110215081
643,9,2,2040-02-11T18:00:00.0,7966.2552986070295
644,9,2,2040-02-11T19:00:00.0,7794.67380662566
645,9,2,2040-02-11T20:00:00.0,7634.698744429015
646,9,2,2040-02-11T21:00:00.0,7162.432277273765
647,9,2,2040-02-11T22:00:00.0,6845.742355862691
648,9,2,2040-02-11T23:00:00.0,7109.53558559205
649,10,2,2040-02-09T00:00:00.0,1279.269563391915
650,10,2,2040-02-09T01:00:00.0,1284.6883714599198
651,10,2,2040-02-09T02:00:00.0,1277.703329540195
652,10,2,2040-02-09T03:00:00.0,1280.310419603215
653,10,2,2040-02-09T04:00:00.0,1292.88965165587
654,10,2,2040-02-09T05:00:00.0,1384.1980968869202
655,10,2,2040-02-09T06:00:00.0,1500.9120084331748
656,10,2,2040-02-09T07:00:00.0,1527.6083506927548
657,10,2,2040-02-09T08:00:00.0,1567.674936778835
658,10,2,2040-02-09T09:00:00.0,1580.12600333723
659,10,2,2040-02-09T10:00:00.0,1618.3129012927152
660,10,2,2040-02-09T11:00:00.0,1611.6052116134701
661,10,2,2040-02-09T12:00:00.0,1571.728380017335
662,10,2,2040-02-09T13:00:00.0,1578.98003680945
663,10,2,2040-02-09T14:00:00.0,1593.59537839343
664,10,2,2040-02-09T15:00:00.0,1576.992158450045
665,10,2,2040-02-09T16:00:00.0,1521.679075321315
666,10,2,2040-02-09T17:00:00.0,1497.5198659499601
667,10,2,2040-02-09T18:00:00.0,1474.090655016465
668,10,2,2040-02-09T19:00:00.0,1439.94066189456
669,10,2,2040-02-09T20:00:00.0,1440.372881882885
670,10,2,2040-02-09T21:00:00.0,1381.188383423175
671,10,2,2040-02-09T22:00:00.0,1340.987664081565
672,10,2,2040-02-09T23:00:00.0,1328.7195386376152
673,10,2,2040-02-10T00:00:00.0,1330.508681316715
674,10,2,2040-02-10T01:00:00.0,1325.01150649629
675,10,2,2040-02-10T02:00:00.0,1305.51736815542
676,10,2,2040-02-10T03:00:00.0,1303.9641278670551
677,10,2,2040-02-10T04:00:00.0,1324.0176672089901
678,10,2,2040-02-10T05:00:00.0,1401.50114622189
679,10,2,2040-02-10T06:00:00.0,1524.17647200847
680,10,2,2040-02-10T07:00:00.0,1561.637010592055
681,10,2,2040-02-10T08:00:00.0,1597.910790904365
682,10,2,2040-02-10T09:00:00.0,1550.429406628285
683,10,2,2040-02-10T10:00:00.0,1548.923291609405
684,10,2,2040-02-10T11:00:00.0,1587.592191587175
685,10,2,2040-02-10T12:00:00.0,1628.43060722289
686,10,2,2040-02-10T13:00:00.0,1582.64987421069
687,10,2,2040-02-10T14:00:00.0,1553.1078790158099
688,10,2,2040-02-10T15:00:00.0,1526.6950996555152
689,10,2,2040-02-10T16:00:00.0,1490.35699988441
690,10,2,2040-02-10T17:00:00.0,1521.040123977445
691,10,2,2040-02-10T18:00:00.0,1507.5090856112902
692,10,2,2040-02-10T19:00:00.0,1504.948554983535
693,10,2,2040-02-10T20:00:00.0,1490.27127243373
694,10,2,2040-02-10T21:00:00.0,1444.96630315112
695,10,2,2040-02-10T22:00:00.0,1394.07859511295
696,10,2,2040-02-10T23:00:00.0,1370.465229073905
697,10,2,2040-02-11T00:00:00.0,1357.4402815335302
698,10,2,2040-02-11T01:00:00.0,1351.076285947415
699,10,2,2040-02-11T02:00:00.0,1333.1147625754552
700,10,2,2040-02-11T03:00:00.0,1305.7674456363652
701,10,2,2040-02-11T04:00:00.0,1311.322073613415
702,10,2,2040-02-11T05:00:00.0,1347.48810645295
703,10,2,2040-02-11T06:00:00.0,1412.154337254205
704,10,2,2040-02-11T07:00:00.0,1508.3730424688401
705,10,2,2040-02-11T08:00:00.0,1599.714428581175
706,10,2,2040-02-11T09:00:00.0,1641.69439474938
707,10,2,2040-02-11T10:00:00.0,1637.7008420053248
708,10,2,2040-02-11T11:00:00.0,1626.5739234421849
709,10,2,2040-02-11T12:00:00.0,1653.87322357177
710,10,2,2040-02-11T13:00:00.0,1662.95017476723
711,10,2,2040-02-11T14:00:00.0,1596.307289301895
712,10,2,2040-02-11T15:00:00.0,1578.86005365296
713,10,2,2040-02-11T16:00:00.0,1555.89927756677
714,10,2,2040-02-11T17:00:00.0,1550.347902403555
715,10,2,2040-02-11T18:00:00.0,1531.859567714935
716,10,2,2040-02-11T19:00:00.0,1535.74064908582
717,10,2,2040-02-11T20:00:00.0,1522.559573264085
718,10,2,2040-02-11T21:00:00.0,1483.7314581793748
719,10,2,2040-02-11T22:00:00.0,1452.99056689047
720,10,2,2040-02-11T23:00:00.0,1405.47377348378
721,11,2,2040-02-09T00:00:00.0,3125.577829485065
722,11,2,2040-02-09T01:00:00.0,2937.65880645589
723,11,2,2040-02-09T02:00:00.0,2796.86213311117
724,11,2,2040-02-09T03:00:00.0,2672.48798214608
725,11,2,2040-02-09T04:00:00.0,2620.93413654478
726,11,2,2040-02-09T05:00:00.0,2725.800643099345
727,11,2,2040-02-09T06:00:00.0,3013.4955181146797
728,11,2,2040-02-09T07:00:00.0,3456.13379080124
729,11,2,2040-02-09T08:00:00.0,3888.8175241877852
730,11,2,2040-02-09T09:00:00.0,4233.159278089905
731,11,2,2040-02-09T10:00:00.0,4533.92659408836
732,11,2,2040-02-09T11:00:00.0,4946.593421586005
733,11,2,2040-02-09T12:00:00.0,5223.949684912255
734,11,2,2040-02-09T13:00:00.0,5199.649517095964
735,11,2,2040-02-09T14:00:00.0,4933.961498327069
736,11,2,2040-02-09T15:00:00.0,4804.843821482909
737,11,2,2040-02-09T16:00:00.0,4769.73308866763
738,11,2,2040-02-09T17:00:00.0,4672.95418023461
739,11,2,2040-02-09T18:00:00.0,4504.479933295341
740,11,2,2040-02-09T19:00:00.0,4273.56927217721
741,11,2,2040-02-09T20:00:00.0,4120.183826930315
742,11,2,2040-02-09T21:00:00.0,3793.88837731194
743,11,2,2040-02-09T22:00:00.0,3449.555096455895
744,11,2,2040-02-09T23:00:00.0,3233.079469380335
745,11,2,2040-02-10T00:00:00.0,3036.38522136638
746,11,2,2040-02-10T01:00:00.0,2842.26397003847
747,11,2,2040-02-10T02:00:00.0,2682.68225483442
748,11,2,2040-02-10T03:00:00.0,2559.8224810727397
749,11,2,2040-02-10T04:00:00.0,2515.752702753275
750,11,2,2040-02-10T05:00:00.0,2585.3425318303753
751,11,2,2040-02-10T06:00:00.0,2849.95356725939
752,11,2,2040-02-10T07:00:00.0,3252.570351645995
753,11,2,2040-02-10T08:00:00.0,3640.99927929541
754,11,2,2040-02-10T09:00:00.0,3967.774399291165
755,11,2,2040-02-10T10:00:00.0,4329.301525439685
756,11,2,2040-02-10T11:00:00.0,4797.848396806895
757,11,2,2040-02-10T12:00:00.0,5030.526896658985
758,11,2,2040-02-10T13:00:00.0,4991.376390109025
759,11,2,2040-02-10T14:00:00.0,4781.190347088665
760,11,2,2040-02-10T15:00:00.0,4696.595120363585
761,11,2,2040-02-10T16:00:00.0,4664.023374592985
762,11,2,2040-02-10T17:00:00.0,4517.10491091389
763,11,2,2040-02-10T18:00:00.0,4303.2921160131755
764,11,2,2040-02-10T19:00:00.0,4052.58648183626
765,11,2,2040-02-10T20:00:00.0,3835.9654198393
766,11,2,2040-02-10T21:00:00.0,3513.444661624685
767,11,2,2040-02-10T22:00:00.0,3232.75528588087
768,11,2,2040-02-10T23:00:00.0,3071.856774224225
769,11,2,2040-02-11T00:00:00.0,2911.22710004412
770,11,2,2040-02-11T01:00:00.0,2723.552675285975
771,11,2,2040-02-11T02:00:00.0,2584.986992153305
772,11,2,2040-02-11T03:00:00.0,2442.596297730195
773,11,2,2040-02-11T04:00:00.0,2351.8225648133302
774,11,2,2040-02-11T05:00:00.0,2357.09951591369
775,11,2,2040-02-11T06:00:00.0,2459.0788034482002
776,11,2,2040-02-11T07:00:00.0,2719.429513613275
777,11,2,2040-02-11T08:00:00.0,3056.931826230325
778,11,2,2040-02-11T09:00:00.0,3351.046663771895
779,11,2,2040-02-11T10:00:00.0,3702.6807615244097
780,11,2,2040-02-11T11:00:00.0,4150.883807547595
781,11,2,2040-02-11T12:00:00.0,4372.086291779926
782,11,2,2040-02-11T13:00:00.0,4341.548183374414
783,11,2,2040-02-11T14:00:00.0,4156.32255293999
784,11,2,2040-02-11T15:00:00.0,3884.954363080195
785,11,2,2040-02-11T16:00:00.0,3723.9190122167447
786,11,2,2040-02-11T17:00:00.0,3549.949758072855
787,11,2,2040-02-11T18:00:00.0,3338.481080562245
788,11,2,2040-02-11T19:00:00.0,3049.652577755025
789,11,2,2040-02-11T20:00:00.0,2861.2524095557246
790,11,2,2040-02-11T21:00:00.0,2613.606093006385
791,11,2,2040-02-11T22:00:00.0,2481.962556257
792,11,2,2040-02-11T23:00:00.0,2477.502096821845
793,12,2,2040-02-09T00:00:00.0,150.8223682161385
794,12,2,2040-02-09T01:00:00.0,139.4835406479485
795,12,2,2040-02-09T02:00:00.0,130.988744567766
796,12,2,2040-02-09T03:00:00.0,123.4848781582275
797,12,2,2040-02-09T04:00:00.0,120.3748036658015
798,12,2,2040-02-09T05:00:00.0,126.702321959166
799,12,2,2040-02-09T06:00:00.0,144.0605749559405
800,12,2,2040-02-09T07:00:00.0,170.767078193558
801,12,2,2040-02-09T08:00:00.0,196.87207198819198
802,12,2,2040-02-09T09:00:00.0,217.6451517828445
803,12,2,2040-02-09T10:00:00.0,234.974313137694
804,12,2,2040-02-09T11:00:00.0,254.369328028704
805,12,2,2040-02-09T12:00:00.0,266.36824227659804
806,12,2,2040-02-09T13:00:00.0,265.97239750502547
807,12,2,2040-02-09T14:00:00.0,255.788963940138
808,12,2,2040-02-09T15:00:00.0,251.70602694836202
809,12,2,2040-02-09T16:00:00.0,250.02668745880902
810,12,2,2040-02-09T17:00:00.0,244.1881385293625
811,12,2,2040-02-09T18:00:00.0,234.023141059804
812,12,2,2040-02-09T19:00:00.0,220.09031967406548
813,12,2,2040-02-09T20:00:00.0,210.83504895937352
814,12,2,2040-02-09T21:00:00.0,191.1465622445115
815,12,2,2040-02-09T22:00:00.0,170.3698008317545
816,12,2,2040-02-09T23:00:00.0,157.30793742203
817,12,2,2040-02-10T00:00:00.0,145.4376837421565
818,12,2,2040-02-10T01:00:00.0,133.724847853439
819,12,2,2040-02-10T02:00:00.0,124.096727793466
820,12,2,2040-02-10T03:00:00.0,116.68437831115199
821,12,2,2040-02-10T04:00:00.0,114.0259839537715
822,12,2,2040-02-10T05:00:00.0,118.224931765827
823,12,2,2040-02-10T06:00:00.0,134.1899653998675
824,12,2,2040-02-10T07:00:00.0,158.481296380042
825,12,2,2040-02-10T08:00:00.0,181.915664074288
826,12,2,2040-02-10T09:00:00.0,201.50678547507198
827,12,2,2040-02-10T10:00:00.0,220.887122922232
828,12,2,2040-02-10T11:00:00.0,244.06771570790352
829,12,2,2040-02-10T12:00:00.0,255.60759483531598
830,12,2,2040-02-10T13:00:00.0,255.0359204126395
831,12,2,2040-02-10T14:00:00.0,247.115711489469
832,12,2,2040-02-10T15:00:00.0,245.2537473878245
833,12,2,2040-02-10T16:00:00.0,243.64418072862
834,12,2,2040-02-10T17:00:00.0,234.78038714435348
835,12,2,2040-02-10T18:00:00.0,221.87992737345348
836,12,2,2040-02-10T19:00:00.0,206.752946821618
837,12,2,2040-02-10T20:00:00.0,193.6823318491405
838,12,2,2040-02-10T21:00:00.0,174.2219380002935
839,12,2,2040-02-10T22:00:00.0,157.2856166859135
840,12,2,2040-02-10T23:00:00.0,147.5781141406475
841,12,2,2040-02-11T00:00:00.0,137.9024196173145
842,12,2,2040-02-11T01:00:00.0,126.57775194339101
843,12,2,2040-02-11T02:00:00.0,118.2170775903115
844,12,2,2040-02-11T03:00:00.0,109.625779400873
845,12,2,2040-02-11T04:00:00.0,104.1491177419665
846,12,2,2040-02-11T05:00:00.0,104.4677228884305
847,12,2,2040-02-11T06:00:00.0,110.62014646489101
848,12,2,2040-02-11T07:00:00.0,126.3282301435155
849,12,2,2040-02-11T08:00:00.0,146.690929427496
850,12,2,2040-02-11T09:00:00.0,164.3396835666165
851,12,2,2040-02-11T10:00:00.0,183.284189459554
852,12,2,2040-02-11T11:00:00.0,204.56043791862248
853,12,2,2040-02-11T12:00:00.0,216.436386938283
854,12,2,2040-02-11T13:00:00.0,215.84163076093552
855,12,2,2040-02-11T14:00:00.0,206.223269256457
856,12,2,2040-02-11T15:00:00.0,194.72412251109148
857,12,2,2040-02-11T16:00:00.0,186.85337790378952
858,12,2,2040-02-11T17:00:00.0,176.4434246939805
859,12,2,2040-02-11T18:00:00.0,163.68311954783502
860,12,2,2040-02-11T19:00:00.0,146.254497863712
861,12,2,2040-02-11T20:00:00.0,134.88545262325
862,12,2,2040-02-11T21:00:00.0,119.941314766608
863,12,2,2040-02-11T22:00:00.0,111.997693582896
864,12,2,2040-02-11T23:00:00.0,111.7289895477985
